"","Genus","value","Type"
"1","Acinetobacter",0,"Qiagen DSP Virus_OB_AC"
"2","Actinomyces",0,"Qiagen DSP Virus_OB_AC"
"3","Alistipes",0.00438076574822954,"Qiagen DSP Virus_OB_AC"
"4","Anaerostipes",0.0165826090379812,"Qiagen DSP Virus_OB_AC"
"5","Bacillus",5.46775555195899e-05,"Qiagen DSP Virus_OB_AC"
"6","Bacteroides",0.0820557011193589,"Qiagen DSP Virus_OB_AC"
"7","Bifidobacterium",0.0166679060245918,"Qiagen DSP Virus_OB_AC"
"8","Bilophila",0.0217004282346148,"Qiagen DSP Virus_OB_AC"
"9","Clostridium",NA,"Qiagen DSP Virus_OB_AC"
"10","Lachnoclostridium",0.0900626823496477,"Qiagen DSP Virus_OB_AC"
"11","Collinsella",0.000408988115286532,"Qiagen DSP Virus_OB_AC"
"12","Coprobacillus",NA,"Qiagen DSP Virus_OB_AC"
"13","Cryptococcus",NA,"Qiagen DSP Virus_OB_AC"
"14","Deinococcus",2.1871022207836e-06,"Qiagen DSP Virus_OB_AC"
"15","Fusobacterium",0.301120233757485,"Qiagen DSP Virus_OB_AC"
"16","Helicobacter",0,"Qiagen DSP Virus_OB_AC"
"17","Listeria",4.37420444156719e-05,"Qiagen DSP Virus_OB_AC"
"18","Neisseria",0,"Qiagen DSP Virus_OB_AC"
"19","Paenibacillus",0.047217349844497,"Qiagen DSP Virus_OB_AC"
"20","Parabacteroides",0.127746453613749,"Qiagen DSP Virus_OB_AC"
"21","Pediococcus",0.0180960837747635,"Qiagen DSP Virus_OB_AC"
"22","Porphyromonadaceae",NA,"Qiagen DSP Virus_OB_AC"
"23","Propionibacterium",NA,"Qiagen DSP Virus_OB_AC"
"24","Pseudomonas",2.84323288701867e-05,"Qiagen DSP Virus_OB_AC"
"25","Pyramidobacter",0.012693941289428,"Qiagen DSP Virus_OB_AC"
"26","Ralstonia",0.0385411153346485,"Qiagen DSP Virus_OB_AC"
"27","Rhodobacter",0,"Qiagen DSP Virus_OB_AC"
"28","Saccharomyces",NA,"Qiagen DSP Virus_OB_AC"
"29","Salmonella",NA,"Qiagen DSP Virus_OB_AC"
"30","Staphylococcus",6.12388621819407e-05,"Qiagen DSP Virus_OB_AC"
"31","Streptococcus",7.43614755066422e-05,"Qiagen DSP Virus_OB_AC"
"32","Subdoligranulum",0.0044398175081907,"Qiagen DSP Virus_OB_AC"
"33","Clostridium innocuum group",4.37420444156719e-06,"Qiagen DSP Virus_OB_AC"
"34","Eubacterium coprostanoligenes group",3.28065333117539e-05,"Qiagen DSP Virus_OB_AC"
"35","Eubacterium eligens group",3.06194310909703e-05,"Qiagen DSP Virus_OB_AC"
"36","Eubacterium hallii group",0.000120290622143098,"Qiagen DSP Virus_OB_AC"
"37","Eubacterium rectale group",0.000728305039520937,"Qiagen DSP Virus_OB_AC"
"38","Eubacterium ventriosum group",4.37420444156719e-06,"Qiagen DSP Virus_OB_AC"
"39","Eubacterium xylanophilum group",1.31226133247016e-05,"Qiagen DSP Virus_OB_AC"
"40","Ruminococcus gauvreauii group",8.0922782168993e-05,"Qiagen DSP Virus_OB_AC"
"41","Ruminococcus torques group",5.90517599611571e-05,"Qiagen DSP Virus_OB_AC"
"42","Adlercreutzia",2.1871022207836e-06,"Qiagen DSP Virus_OB_AC"
"43","Akkermansia",0.00022527152874071,"Qiagen DSP Virus_OB_AC"
"44","Ambiguous_taxa",1.74968177662688e-05,"Qiagen DSP Virus_OB_AC"
"45","Anaerofilum",0,"Qiagen DSP Virus_OB_AC"
"46","Anaerotruncus",0,"Qiagen DSP Virus_OB_AC"
"47","Blautia",0.000441794648598286,"Qiagen DSP Virus_OB_AC"
"48","Butyricicoccus",4.15549421948883e-05,"Qiagen DSP Virus_OB_AC"
"49","Candidatus Stoquefichus",0.0404504555733926,"Qiagen DSP Virus_OB_AC"
"50","Carnobacterium",0,"Qiagen DSP Virus_OB_AC"
"51","Christensenellaceae R-7 group",8.74840888313438e-06,"Qiagen DSP Virus_OB_AC"
"52","Clostridium sensu stricto 1",2.1871022207836e-06,"Qiagen DSP Virus_OB_AC"
"53","Coprococcus 1",5.03033510780227e-05,"Qiagen DSP Virus_OB_AC"
"54","Coprococcus 2",0.000238394142065412,"Qiagen DSP Virus_OB_AC"
"55","Coprococcus 3",1.31226133247016e-05,"Qiagen DSP Virus_OB_AC"
"56","Defluviitaleaceae UCG-011",0,"Qiagen DSP Virus_OB_AC"
"57","Dialister",2.40581244286195e-05,"Qiagen DSP Virus_OB_AC"
"58","Dorea",7.65485777274258e-05,"Qiagen DSP Virus_OB_AC"
"59","Eisenbergiella",0,"Qiagen DSP Virus_OB_AC"
"60","Enterobacter",0.00525560663654298,"Qiagen DSP Virus_OB_AC"
"61","Erwinia",6.34259644027242e-05,"Qiagen DSP Virus_OB_AC"
"62","Erysipelatoclostridium",2.1871022207836e-06,"Qiagen DSP Virus_OB_AC"
"63","Erysipelotrichaceae UCG-003",1.74968177662688e-05,"Qiagen DSP Virus_OB_AC"
"64","Faecalibacterium",0.000599266008494705,"Qiagen DSP Virus_OB_AC"
"65","Family XIII AD3011 group",2.1871022207836e-06,"Qiagen DSP Virus_OB_AC"
"66","Flavonifractor",0,"Qiagen DSP Virus_OB_AC"
"67","Fusicatenibacter",9.40453954936946e-05,"Qiagen DSP Virus_OB_AC"
"68","Gordonibacter",0,"Qiagen DSP Virus_OB_AC"
"69","Gossypium arboreum",0,"Qiagen DSP Virus_OB_AC"
"70","Holdemania",2.1871022207836e-06,"Qiagen DSP Virus_OB_AC"
"71","Hungatella",0,"Qiagen DSP Virus_OB_AC"
"72","Intestinibacter",4.37420444156719e-06,"Qiagen DSP Virus_OB_AC"
"73","Intestinimonas",0,"Qiagen DSP Virus_OB_AC"
"74","Kluyvera",4.37420444156719e-06,"Qiagen DSP Virus_OB_AC"
"75","Lachnospira",0.000102793804376829,"Qiagen DSP Virus_OB_AC"
"76","Lachnospiraceae FCS020 group",1.31226133247016e-05,"Qiagen DSP Virus_OB_AC"
"77","Lachnospiraceae ND3007 group",5.90517599611571e-05,"Qiagen DSP Virus_OB_AC"
"78","Lachnospiraceae NK4A136 group",5.03033510780227e-05,"Qiagen DSP Virus_OB_AC"
"79","Lachnospiraceae UCG-001",5.24904532988063e-05,"Qiagen DSP Virus_OB_AC"
"80","Lachnospiraceae UCG-004",1.31226133247016e-05,"Qiagen DSP Virus_OB_AC"
"81","Lachnospiraceae UCG-008",0,"Qiagen DSP Virus_OB_AC"
"82","Lactonifactor",0,"Qiagen DSP Virus_OB_AC"
"83","Marvinbryantia",2.84323288701867e-05,"Qiagen DSP Virus_OB_AC"
"84","Odoribacter",2.1871022207836e-06,"Qiagen DSP Virus_OB_AC"
"85","Oryza sativa Indica Group (long-grained rice)",0,"Qiagen DSP Virus_OB_AC"
"86","Other",5.03033510780227e-05,"Qiagen DSP Virus_OB_AC"
"87","Oxalobacter",4.37420444156719e-06,"Qiagen DSP Virus_OB_AC"
"88","Parasutterella",2.1871022207836e-06,"Qiagen DSP Virus_OB_AC"
"89","Phascolarctobacterium",2.84323288701867e-05,"Qiagen DSP Virus_OB_AC"
"90","Porphyromonas",2.1871022207836e-06,"Qiagen DSP Virus_OB_AC"
"91","Raoultella",0.000218710222078359,"Qiagen DSP Virus_OB_AC"
"92","Roseburia",0.000301820106468136,"Qiagen DSP Virus_OB_AC"
"93","Ruminiclostridium",0,"Qiagen DSP Virus_OB_AC"
"94","Ruminiclostridium 5",3.93678399741047e-05,"Qiagen DSP Virus_OB_AC"
"95","Ruminiclostridium 9",4.37420444156719e-06,"Qiagen DSP Virus_OB_AC"
"96","Ruminococcaceae NK4A214 group",6.12388621819407e-05,"Qiagen DSP Virus_OB_AC"
"97","Ruminococcaceae UCG-002",8.96711910521274e-05,"Qiagen DSP Virus_OB_AC"
"98","Ruminococcaceae UCG-003",2.40581244286195e-05,"Qiagen DSP Virus_OB_AC"
"99","Ruminococcaceae UCG-004",6.56130666235079e-06,"Qiagen DSP Virus_OB_AC"
"100","Ruminococcaceae UCG-005",4.81162488572391e-05,"Qiagen DSP Virus_OB_AC"
"101","Ruminococcaceae UCG-013",2.40581244286195e-05,"Qiagen DSP Virus_OB_AC"
"102","Ruminococcaceae UCG-014",8.0922782168993e-05,"Qiagen DSP Virus_OB_AC"
"103","Ruminococcus 1",0.000846408559443251,"Qiagen DSP Virus_OB_AC"
"104","Ruminococcus 2",0.000408988115286532,"Qiagen DSP Virus_OB_AC"
"105","Sellimonas",0,"Qiagen DSP Virus_OB_AC"
"106","Serratia",0.0114363575124774,"Qiagen DSP Virus_OB_AC"
"107","Succiniclasticum",2.1871022207836e-06,"Qiagen DSP Virus_OB_AC"
"108","Tyzzerella",0,"Qiagen DSP Virus_OB_AC"
"109","Tyzzerella 3",0,"Qiagen DSP Virus_OB_AC"
"110","uncultured",7.43614755066422e-05,"Qiagen DSP Virus_OB_AC"
"111","Acinetobacter",2.65858456957516e-06,"Qiagen DSP Virus_OB_ZE"
"112","Actinomyces",1.32929228478758e-06,"Qiagen DSP Virus_OB_ZE"
"113","Alistipes",6.6464614239379e-05,"Qiagen DSP Virus_OB_ZE"
"114","Anaerostipes",1.32929228478758e-05,"Qiagen DSP Virus_OB_ZE"
"115","Bacillus",0.139962513957569,"Qiagen DSP Virus_OB_ZE"
"116","Bacteroides",0.000293773594938055,"Qiagen DSP Virus_OB_ZE"
"117","Bifidobacterium",7.97575370872547e-06,"Qiagen DSP Virus_OB_ZE"
"118","Bilophila",1.32929228478758e-05,"Qiagen DSP Virus_OB_ZE"
"119","Clostridium",NA,"Qiagen DSP Virus_OB_ZE"
"120","Lachnoclostridium",4.25373531132025e-05,"Qiagen DSP Virus_OB_ZE"
"121","Collinsella",0,"Qiagen DSP Virus_OB_ZE"
"122","Coprobacillus",NA,"Qiagen DSP Virus_OB_ZE"
"123","Cryptococcus",NA,"Qiagen DSP Virus_OB_ZE"
"124","Deinococcus",0,"Qiagen DSP Virus_OB_ZE"
"125","Fusobacterium",8.90625830807678e-05,"Qiagen DSP Virus_OB_ZE"
"126","Helicobacter",1.32929228478758e-06,"Qiagen DSP Virus_OB_ZE"
"127","Listeria",0.0672635189025363,"Qiagen DSP Virus_OB_ZE"
"128","Neisseria",1.32929228478758e-06,"Qiagen DSP Virus_OB_ZE"
"129","Paenibacillus",1.59515074174509e-05,"Qiagen DSP Virus_OB_ZE"
"130","Parabacteroides",5.31716913915032e-05,"Qiagen DSP Virus_OB_ZE"
"131","Pediococcus",5.31716913915032e-06,"Qiagen DSP Virus_OB_ZE"
"132","Porphyromonadaceae",NA,"Qiagen DSP Virus_OB_ZE"
"133","Propionibacterium",NA,"Qiagen DSP Virus_OB_ZE"
"134","Pseudomonas",0.0361128835008242,"Qiagen DSP Virus_OB_ZE"
"135","Pyramidobacter",2.65858456957516e-06,"Qiagen DSP Virus_OB_ZE"
"136","Ralstonia",1.06343382783006e-05,"Qiagen DSP Virus_OB_ZE"
"137","Rhodobacter",1.32929228478758e-06,"Qiagen DSP Virus_OB_ZE"
"138","Saccharomyces",NA,"Qiagen DSP Virus_OB_ZE"
"139","Salmonella",NA,"Qiagen DSP Virus_OB_ZE"
"140","Staphylococcus",0.0664127718402722,"Qiagen DSP Virus_OB_ZE"
"141","Streptococcus",1.46222151326634e-05,"Qiagen DSP Virus_OB_ZE"
"142","Subdoligranulum",3.85494762588398e-05,"Qiagen DSP Virus_OB_ZE"
"143","Clostridium innocuum group",0,"Qiagen DSP Virus_OB_ZE"
"144","Eubacterium coprostanoligenes group",9.30504599351305e-06,"Qiagen DSP Virus_OB_ZE"
"145","Eubacterium eligens group",2.65858456957516e-06,"Qiagen DSP Virus_OB_ZE"
"146","Eubacterium hallii group",1.59515074174509e-05,"Qiagen DSP Virus_OB_ZE"
"147","Eubacterium rectale group",5.71595682458659e-05,"Qiagen DSP Virus_OB_ZE"
"148","Eubacterium ventriosum group",1.32929228478758e-06,"Qiagen DSP Virus_OB_ZE"
"149","Eubacterium xylanophilum group",3.98787685436274e-06,"Qiagen DSP Virus_OB_ZE"
"150","Ruminococcus gauvreauii group",6.6464614239379e-06,"Qiagen DSP Virus_OB_ZE"
"151","Ruminococcus torques group",7.97575370872547e-06,"Qiagen DSP Virus_OB_ZE"
"152","Adlercreutzia",0,"Qiagen DSP Virus_OB_ZE"
"153","Akkermansia",0.000106343382783006,"Qiagen DSP Virus_OB_ZE"
"154","Ambiguous_taxa",2.92444302653267e-05,"Qiagen DSP Virus_OB_ZE"
"155","Anaerofilum",0,"Qiagen DSP Virus_OB_ZE"
"156","Anaerotruncus",0,"Qiagen DSP Virus_OB_ZE"
"157","Blautia",3.72201839740522e-05,"Qiagen DSP Virus_OB_ZE"
"158","Butyricicoccus",1.86100919870261e-05,"Qiagen DSP Virus_OB_ZE"
"159","Candidatus Stoquefichus",7.97575370872547e-06,"Qiagen DSP Virus_OB_ZE"
"160","Carnobacterium",0.000272504918381454,"Qiagen DSP Virus_OB_ZE"
"161","Christensenellaceae R-7 group",6.6464614239379e-06,"Qiagen DSP Virus_OB_ZE"
"162","Clostridium sensu stricto 1",1.86100919870261e-05,"Qiagen DSP Virus_OB_ZE"
"163","Coprococcus 1",0,"Qiagen DSP Virus_OB_ZE"
"164","Coprococcus 2",4.25373531132025e-05,"Qiagen DSP Virus_OB_ZE"
"165","Coprococcus 3",2.65858456957516e-06,"Qiagen DSP Virus_OB_ZE"
"166","Defluviitaleaceae UCG-011",0,"Qiagen DSP Virus_OB_ZE"
"167","Dialister",9.30504599351305e-06,"Qiagen DSP Virus_OB_ZE"
"168","Dorea",1.86100919870261e-05,"Qiagen DSP Virus_OB_ZE"
"169","Eisenbergiella",1.32929228478758e-06,"Qiagen DSP Virus_OB_ZE"
"170","Enterobacter",0.0149718190035625,"Qiagen DSP Virus_OB_ZE"
"171","Erwinia",0.00214281916307758,"Qiagen DSP Virus_OB_ZE"
"172","Erysipelatoclostridium",0,"Qiagen DSP Virus_OB_ZE"
"173","Erysipelotrichaceae UCG-003",1.32929228478758e-06,"Qiagen DSP Virus_OB_ZE"
"174","Faecalibacterium",9.03918753655554e-05,"Qiagen DSP Virus_OB_ZE"
"175","Family XIII AD3011 group",1.32929228478758e-06,"Qiagen DSP Virus_OB_ZE"
"176","Flavonifractor",0,"Qiagen DSP Virus_OB_ZE"
"177","Fusicatenibacter",2.65858456957516e-06,"Qiagen DSP Virus_OB_ZE"
"178","Gordonibacter",0,"Qiagen DSP Virus_OB_ZE"
"179","Gossypium arboreum",3.98787685436274e-06,"Qiagen DSP Virus_OB_ZE"
"180","Holdemania",0,"Qiagen DSP Virus_OB_ZE"
"181","Hungatella",1.32929228478758e-06,"Qiagen DSP Virus_OB_ZE"
"182","Intestinibacter",3.98787685436274e-06,"Qiagen DSP Virus_OB_ZE"
"183","Intestinimonas",0,"Qiagen DSP Virus_OB_ZE"
"184","Kluyvera",0.00153666188121444,"Qiagen DSP Virus_OB_ZE"
"185","Lachnospira",1.72807997022385e-05,"Qiagen DSP Virus_OB_ZE"
"186","Lachnospiraceae FCS020 group",0,"Qiagen DSP Virus_OB_ZE"
"187","Lachnospiraceae ND3007 group",7.97575370872547e-06,"Qiagen DSP Virus_OB_ZE"
"188","Lachnospiraceae NK4A136 group",2.5256553410964e-05,"Qiagen DSP Virus_OB_ZE"
"189","Lachnospiraceae UCG-001",3.98787685436274e-06,"Qiagen DSP Virus_OB_ZE"
"190","Lachnospiraceae UCG-004",1.32929228478758e-06,"Qiagen DSP Virus_OB_ZE"
"191","Lachnospiraceae UCG-008",0,"Qiagen DSP Virus_OB_ZE"
"192","Lactonifactor",0,"Qiagen DSP Virus_OB_ZE"
"193","Marvinbryantia",0,"Qiagen DSP Virus_OB_ZE"
"194","Odoribacter",0,"Qiagen DSP Virus_OB_ZE"
"195","Oryza sativa Indica Group (long-grained rice)",0,"Qiagen DSP Virus_OB_ZE"
"196","Other",0.000905248045940341,"Qiagen DSP Virus_OB_ZE"
"197","Oxalobacter",5.31716913915032e-06,"Qiagen DSP Virus_OB_ZE"
"198","Parasutterella",0,"Qiagen DSP Virus_OB_ZE"
"199","Phascolarctobacterium",3.98787685436274e-06,"Qiagen DSP Virus_OB_ZE"
"200","Porphyromonas",2.65858456957516e-06,"Qiagen DSP Virus_OB_ZE"
"201","Raoultella",0.22518610091987,"Qiagen DSP Virus_OB_ZE"
"202","Roseburia",4.51959376827777e-05,"Qiagen DSP Virus_OB_ZE"
"203","Ruminiclostridium",0,"Qiagen DSP Virus_OB_ZE"
"204","Ruminiclostridium 5",5.31716913915032e-06,"Qiagen DSP Virus_OB_ZE"
"205","Ruminiclostridium 9",0,"Qiagen DSP Virus_OB_ZE"
"206","Ruminococcaceae NK4A214 group",2.12686765566013e-05,"Qiagen DSP Virus_OB_ZE"
"207","Ruminococcaceae UCG-002",3.45615994044771e-05,"Qiagen DSP Virus_OB_ZE"
"208","Ruminococcaceae UCG-003",2.65858456957516e-06,"Qiagen DSP Virus_OB_ZE"
"209","Ruminococcaceae UCG-004",0,"Qiagen DSP Virus_OB_ZE"
"210","Ruminococcaceae UCG-005",3.05737225501143e-05,"Qiagen DSP Virus_OB_ZE"
"211","Ruminococcaceae UCG-013",3.98787685436274e-06,"Qiagen DSP Virus_OB_ZE"
"212","Ruminococcaceae UCG-014",1.32929228478758e-05,"Qiagen DSP Virus_OB_ZE"
"213","Ruminococcus 1",9.30504599351305e-05,"Qiagen DSP Virus_OB_ZE"
"214","Ruminococcus 2",7.70989525176796e-05,"Qiagen DSP Virus_OB_ZE"
"215","Sellimonas",0,"Qiagen DSP Virus_OB_ZE"
"216","Serratia",0.0290383899611847,"Qiagen DSP Virus_OB_ZE"
"217","Succiniclasticum",3.98787685436274e-06,"Qiagen DSP Virus_OB_ZE"
"218","Tyzzerella",0,"Qiagen DSP Virus_OB_ZE"
"219","Tyzzerella 3",3.98787685436274e-06,"Qiagen DSP Virus_OB_ZE"
"220","uncultured",1.72807997022385e-05,"Qiagen DSP Virus_OB_ZE"
"221","Acinetobacter",5.38223560844021e-06,"Zymo MagBead DNone Kit_OB_AC"
"222","Actinomyces",0,"Zymo MagBead DNone Kit_OB_AC"
"223","Alistipes",0.00951902189708735,"Zymo MagBead DNone Kit_OB_AC"
"224","Anaerostipes",0.0118484534684203,"Zymo MagBead DNone Kit_OB_AC"
"225","Bacillus",0.00412063958182182,"Zymo MagBead DNone Kit_OB_AC"
"226","Bacteroides",0.0914527945643726,"Zymo MagBead DNone Kit_OB_AC"
"227","Bifidobacterium",0.0122155219369159,"Zymo MagBead DNone Kit_OB_AC"
"228","Bilophila",0.0264095536834944,"Zymo MagBead DNone Kit_OB_AC"
"229","Clostridium",NA,"Zymo MagBead DNone Kit_OB_AC"
"230","Lachnoclostridium",0.109200178259643,"Zymo MagBead DNone Kit_OB_AC"
"231","Collinsella",0.000936508995868596,"Zymo MagBead DNone Kit_OB_AC"
"232","Coprobacillus",NA,"Zymo MagBead DNone Kit_OB_AC"
"233","Cryptococcus",NA,"Zymo MagBead DNone Kit_OB_AC"
"234","Deinococcus",1.07644712168804e-06,"Zymo MagBead DNone Kit_OB_AC"
"235","Fusobacterium",0.25297799096215,"Zymo MagBead DNone Kit_OB_AC"
"236","Helicobacter",0,"Zymo MagBead DNone Kit_OB_AC"
"237","Listeria",0.00176752617381176,"Zymo MagBead DNone Kit_OB_AC"
"238","Neisseria",1.07644712168804e-06,"Zymo MagBead DNone Kit_OB_AC"
"239","Paenibacillus",0.0599053587690612,"Zymo MagBead DNone Kit_OB_AC"
"240","Parabacteroides",0.113148586301995,"Zymo MagBead DNone Kit_OB_AC"
"241","Pediococcus",0.0219605977295577,"Zymo MagBead DNone Kit_OB_AC"
"242","Porphyromonadaceae",NA,"Zymo MagBead DNone Kit_OB_AC"
"243","Propionibacterium",NA,"Zymo MagBead DNone Kit_OB_AC"
"244","Pseudomonas",0.00117225091551828,"Zymo MagBead DNone Kit_OB_AC"
"245","Pyramidobacter",0.0078763635893914,"Zymo MagBead DNone Kit_OB_AC"
"246","Ralstonia",0.033322497098975,"Zymo MagBead DNone Kit_OB_AC"
"247","Rhodobacter",0,"Zymo MagBead DNone Kit_OB_AC"
"248","Saccharomyces",NA,"Zymo MagBead DNone Kit_OB_AC"
"249","Salmonella",NA,"Zymo MagBead DNone Kit_OB_AC"
"250","Staphylococcus",0.00217011739732309,"Zymo MagBead DNone Kit_OB_AC"
"251","Streptococcus",0.00026372954481357,"Zymo MagBead DNone Kit_OB_AC"
"252","Subdoligranulum",0.00770951428552975,"Zymo MagBead DNone Kit_OB_AC"
"253","Clostridium innocuum group",4.30578848675217e-06,"Zymo MagBead DNone Kit_OB_AC"
"254","Eubacterium coprostanoligenes group",0.000376756492590814,"Zymo MagBead DNone Kit_OB_AC"
"255","Eubacterium eligens group",0.000152855491279702,"Zymo MagBead DNone Kit_OB_AC"
"256","Eubacterium hallii group",0.000585587234198294,"Zymo MagBead DNone Kit_OB_AC"
"257","Eubacterium rectale group",0.00222501620052918,"Zymo MagBead DNone Kit_OB_AC"
"258","Eubacterium ventriosum group",6.88926157880346e-05,"Zymo MagBead DNone Kit_OB_AC"
"259","Eubacterium xylanophilum group",0.000240047708136433,"Zymo MagBead DNone Kit_OB_AC"
"260","Ruminococcus gauvreauii group",0.00036276268000887,"Zymo MagBead DNone Kit_OB_AC"
"261","Ruminococcus torques group",0.000185148904930343,"Zymo MagBead DNone Kit_OB_AC"
"262","Adlercreutzia",1.39938125819445e-05,"Zymo MagBead DNone Kit_OB_AC"
"263","Akkermansia",0.00339403777468239,"Zymo MagBead DNone Kit_OB_AC"
"264","Ambiguous_taxa",1.93760481903847e-05,"Zymo MagBead DNone Kit_OB_AC"
"265","Anaerofilum",0,"Zymo MagBead DNone Kit_OB_AC"
"266","Anaerotruncus",4.19814377458336e-05,"Zymo MagBead DNone Kit_OB_AC"
"267","Blautia",0.00166203435588634,"Zymo MagBead DNone Kit_OB_AC"
"268","Butyricicoccus",0.00036276268000887,"Zymo MagBead DNone Kit_OB_AC"
"269","Candidatus Stoquefichus",0.0335603919128681,"Zymo MagBead DNone Kit_OB_AC"
"270","Carnobacterium",5.38223560844021e-06,"Zymo MagBead DNone Kit_OB_AC"
"271","Christensenellaceae R-7 group",0.000120562077629061,"Zymo MagBead DNone Kit_OB_AC"
"272","Clostridium sensu stricto 1",2.90640722855771e-05,"Zymo MagBead DNone Kit_OB_AC"
"273","Coprococcus 1",9.25744524651716e-05,"Zymo MagBead DNone Kit_OB_AC"
"274","Coprococcus 2",0.000754589432303317,"Zymo MagBead DNone Kit_OB_AC"
"275","Coprococcus 3",6.78161686663466e-05,"Zymo MagBead DNone Kit_OB_AC"
"276","Defluviitaleaceae UCG-011",4.30578848675217e-06,"Zymo MagBead DNone Kit_OB_AC"
"277","Dialister",0.000261576650570194,"Zymo MagBead DNone Kit_OB_AC"
"278","Dorea",0.000407973459119768,"Zymo MagBead DNone Kit_OB_AC"
"279","Eisenbergiella",2.26053895554489e-05,"Zymo MagBead DNone Kit_OB_AC"
"280","Enterobacter",0.00518093999668454,"Zymo MagBead DNone Kit_OB_AC"
"281","Erwinia",4.84401204759619e-05,"Zymo MagBead DNone Kit_OB_AC"
"282","Erysipelatoclostridium",1.82996010686967e-05,"Zymo MagBead DNone Kit_OB_AC"
"283","Erysipelotrichaceae UCG-003",0.000187301799173719,"Zymo MagBead DNone Kit_OB_AC"
"284","Faecalibacterium",0.00508728909709768,"Zymo MagBead DNone Kit_OB_AC"
"285","Family XIII AD3011 group",2.6911178042201e-05,"Zymo MagBead DNone Kit_OB_AC"
"286","Flavonifractor",3.87520963807695e-05,"Zymo MagBead DNone Kit_OB_AC"
"287","Fusicatenibacter",0.000355227550157054,"Zymo MagBead DNone Kit_OB_AC"
"288","Gordonibacter",4.30578848675217e-06,"Zymo MagBead DNone Kit_OB_AC"
"289","Gossypium arboreum",7.64277456398509e-05,"Zymo MagBead DNone Kit_OB_AC"
"290","Holdemania",3.01405194072652e-05,"Zymo MagBead DNone Kit_OB_AC"
"291","Hungatella",2.5834730920513e-05,"Zymo MagBead DNone Kit_OB_AC"
"292","Intestinibacter",0.000123791418994125,"Zymo MagBead DNone Kit_OB_AC"
"293","Intestinimonas",1.72231539470087e-05,"Zymo MagBead DNone Kit_OB_AC"
"294","Kluyvera",1.18409183385685e-05,"Zymo MagBead DNone Kit_OB_AC"
"295","Lachnospira",0.000712607994557483,"Zymo MagBead DNone Kit_OB_AC"
"296","Lachnospiraceae FCS020 group",2.15289424337608e-05,"Zymo MagBead DNone Kit_OB_AC"
"297","Lachnospiraceae ND3007 group",0.000192684034782159,"Zymo MagBead DNone Kit_OB_AC"
"298","Lachnospiraceae NK4A136 group",0.000396132540781199,"Zymo MagBead DNone Kit_OB_AC"
"299","Lachnospiraceae UCG-001",0.000588816575563359,"Zymo MagBead DNone Kit_OB_AC"
"300","Lachnospiraceae UCG-004",0.000202372058877352,"Zymo MagBead DNone Kit_OB_AC"
"301","Lachnospiraceae UCG-008",0,"Zymo MagBead DNone Kit_OB_AC"
"302","Lactonifactor",8.61157697350433e-06,"Zymo MagBead DNone Kit_OB_AC"
"303","Marvinbryantia",5.2745908962714e-05,"Zymo MagBead DNone Kit_OB_AC"
"304","Odoribacter",5.48988032060901e-05,"Zymo MagBead DNone Kit_OB_AC"
"305","Oryza sativa Indica Group (long-grained rice)",1.18409183385685e-05,"Zymo MagBead DNone Kit_OB_AC"
"306","Other",0.000237894813893057,"Zymo MagBead DNone Kit_OB_AC"
"307","Oxalobacter",6.45868273012825e-05,"Zymo MagBead DNone Kit_OB_AC"
"308","Parasutterella",2.36818366771369e-05,"Zymo MagBead DNone Kit_OB_AC"
"309","Phascolarctobacterium",0.000376756492590814,"Zymo MagBead DNone Kit_OB_AC"
"310","Porphyromonas",2.15289424337608e-06,"Zymo MagBead DNone Kit_OB_AC"
"311","Raoultella",0.00405389986027716,"Zymo MagBead DNone Kit_OB_AC"
"312","Roseburia",0.0028891840746107,"Zymo MagBead DNone Kit_OB_AC"
"313","Ruminiclostridium",3.33698607723293e-05,"Zymo MagBead DNone Kit_OB_AC"
"314","Ruminiclostridium 5",0.000150702597036326,"Zymo MagBead DNone Kit_OB_AC"
"315","Ruminiclostridium 9",3.65992021373934e-05,"Zymo MagBead DNone Kit_OB_AC"
"316","Ruminococcaceae NK4A214 group",0.00073628983123462,"Zymo MagBead DNone Kit_OB_AC"
"317","Ruminococcaceae UCG-002",0.00185579483779018,"Zymo MagBead DNone Kit_OB_AC"
"318","Ruminococcaceae UCG-003",0.000716913783044235,"Zymo MagBead DNone Kit_OB_AC"
"319","Ruminococcaceae UCG-004",6.56632744229705e-05,"Zymo MagBead DNone Kit_OB_AC"
"320","Ruminococcaceae UCG-005",0.000502700805828315,"Zymo MagBead DNone Kit_OB_AC"
"321","Ruminococcaceae UCG-013",0.000182996010686967,"Zymo MagBead DNone Kit_OB_AC"
"322","Ruminococcaceae UCG-014",0.000403667670633016,"Zymo MagBead DNone Kit_OB_AC"
"323","Ruminococcus 1",0.0023854068216607,"Zymo MagBead DNone Kit_OB_AC"
"324","Ruminococcus 2",0.00155654253796091,"Zymo MagBead DNone Kit_OB_AC"
"325","Sellimonas",3.22934136506412e-06,"Zymo MagBead DNone Kit_OB_AC"
"326","Serratia",0.0116040999717971,"Zymo MagBead DNone Kit_OB_AC"
"327","Succiniclasticum",0.000110874053533868,"Zymo MagBead DNone Kit_OB_AC"
"328","Tyzzerella",4.09049906241456e-05,"Zymo MagBead DNone Kit_OB_AC"
"329","Tyzzerella 3",6.02810388145303e-05,"Zymo MagBead DNone Kit_OB_AC"
"330","uncultured",0.000759971667911757,"Zymo MagBead DNone Kit_OB_AC"
"331","Acinetobacter",2.8590330864463e-06,"Zymo MagBead DNone Kit_OB_ZE"
"332","Actinomyces",1.71541985186778e-06,"Zymo MagBead DNone Kit_OB_ZE"
"333","Alistipes",0.000627843665783607,"Zymo MagBead DNone Kit_OB_ZE"
"334","Anaerostipes",0.000127512875655505,"Zymo MagBead DNone Kit_OB_ZE"
"335","Bacillus",0.147419179423196,"Zymo MagBead DNone Kit_OB_ZE"
"336","Bacteroides",0.0018314965951775,"Zymo MagBead DNone Kit_OB_ZE"
"337","Bifidobacterium",7.43348602476037e-06,"Zymo MagBead DNone Kit_OB_ZE"
"338","Bilophila",3.3164783802777e-05,"Zymo MagBead DNone Kit_OB_ZE"
"339","Clostridium",NA,"Zymo MagBead DNone Kit_OB_ZE"
"340","Lachnoclostridium",0.000180690891063406,"Zymo MagBead DNone Kit_OB_ZE"
"341","Collinsella",2.00132316051241e-05,"Zymo MagBead DNone Kit_OB_ZE"
"342","Coprobacillus",NA,"Zymo MagBead DNone Kit_OB_ZE"
"343","Cryptococcus",NA,"Zymo MagBead DNone Kit_OB_ZE"
"344","Deinococcus",5.71806617289259e-07,"Zymo MagBead DNone Kit_OB_ZE"
"345","Fusobacterium",0.000137233588149422,"Zymo MagBead DNone Kit_OB_ZE"
"346","Helicobacter",0,"Zymo MagBead DNone Kit_OB_ZE"
"347","Listeria",0.0786622927272488,"Zymo MagBead DNone Kit_OB_ZE"
"348","Neisseria",5.71806617289259e-07,"Zymo MagBead DNone Kit_OB_ZE"
"349","Paenibacillus",3.37365904200663e-05,"Zymo MagBead DNone Kit_OB_ZE"
"350","Parabacteroides",0.000213283868248894,"Zymo MagBead DNone Kit_OB_ZE"
"351","Pediococcus",1.37233588149422e-05,"Zymo MagBead DNone Kit_OB_ZE"
"352","Porphyromonadaceae",NA,"Zymo MagBead DNone Kit_OB_ZE"
"353","Propionibacterium",NA,"Zymo MagBead DNone Kit_OB_ZE"
"354","Pseudomonas",0.0464958832782588,"Zymo MagBead DNone Kit_OB_ZE"
"355","Pyramidobacter",1.14361323457852e-06,"Zymo MagBead DNone Kit_OB_ZE"
"356","Ralstonia",1.25797455803637e-05,"Zymo MagBead DNone Kit_OB_ZE"
"357","Rhodobacter",4.00264632102481e-06,"Zymo MagBead DNone Kit_OB_ZE"
"358","Saccharomyces",NA,"Zymo MagBead DNone Kit_OB_ZE"
"359","Salmonella",NA,"Zymo MagBead DNone Kit_OB_ZE"
"360","Staphylococcus",0.087815201250198,"Zymo MagBead DNone Kit_OB_ZE"
"361","Streptococcus",9.14890587662815e-05,"Zymo MagBead DNone Kit_OB_ZE"
"362","Subdoligranulum",0.000633561731956499,"Zymo MagBead DNone Kit_OB_ZE"
"363","Clostridium innocuum group",5.71806617289259e-07,"Zymo MagBead DNone Kit_OB_ZE"
"364","Eubacterium coprostanoligenes group",0.000129228295507373,"Zymo MagBead DNone Kit_OB_ZE"
"365","Eubacterium eligens group",3.60238168892233e-05,"Zymo MagBead DNone Kit_OB_ZE"
"366","Eubacterium hallii group",0.000214427481483472,"Zymo MagBead DNone Kit_OB_ZE"
"367","Eubacterium rectale group",0.000819970689192798,"Zymo MagBead DNone Kit_OB_ZE"
"368","Eubacterium ventriosum group",9.14890587662815e-06,"Zymo MagBead DNone Kit_OB_ZE"
"369","Eubacterium xylanophilum group",5.08907889387441e-05,"Zymo MagBead DNone Kit_OB_ZE"
"370","Ruminococcus gauvreauii group",0.000120079389630744,"Zymo MagBead DNone Kit_OB_ZE"
"371","Ruminococcus torques group",4.23136896794052e-05,"Zymo MagBead DNone Kit_OB_ZE"
"372","Adlercreutzia",5.71806617289259e-06,"Zymo MagBead DNone Kit_OB_ZE"
"373","Akkermansia",0.000542644479807507,"Zymo MagBead DNone Kit_OB_ZE"
"374","Ambiguous_taxa",2.97339440990415e-05,"Zymo MagBead DNone Kit_OB_ZE"
"375","Anaerofilum",0,"Zymo MagBead DNone Kit_OB_ZE"
"376","Anaerotruncus",2.28722646915704e-06,"Zymo MagBead DNone Kit_OB_ZE"
"377","Blautia",0.00065643399664807,"Zymo MagBead DNone Kit_OB_ZE"
"378","Butyricicoccus",8.74864124452567e-05,"Zymo MagBead DNone Kit_OB_ZE"
"379","Candidatus Stoquefichus",1.82978117532563e-05,"Zymo MagBead DNone Kit_OB_ZE"
"380","Carnobacterium",0.000307631960101621,"Zymo MagBead DNone Kit_OB_ZE"
"381","Christensenellaceae R-7 group",2.74467176298844e-05,"Zymo MagBead DNone Kit_OB_ZE"
"382","Clostridium sensu stricto 1",1.37233588149422e-05,"Zymo MagBead DNone Kit_OB_ZE"
"383","Coprococcus 1",2.63031043953059e-05,"Zymo MagBead DNone Kit_OB_ZE"
"384","Coprococcus 2",0.000331076031410481,"Zymo MagBead DNone Kit_OB_ZE"
"385","Coprococcus 3",2.68749110125952e-05,"Zymo MagBead DNone Kit_OB_ZE"
"386","Defluviitaleaceae UCG-011",0,"Zymo MagBead DNone Kit_OB_ZE"
"387","Dialister",5.60370484943474e-05,"Zymo MagBead DNone Kit_OB_ZE"
"388","Dorea",0.000137805394766711,"Zymo MagBead DNone Kit_OB_ZE"
"389","Eisenbergiella",1.14361323457852e-06,"Zymo MagBead DNone Kit_OB_ZE"
"390","Enterobacter",0.0122092148923603,"Zymo MagBead DNone Kit_OB_ZE"
"391","Erwinia",0.00179147013196725,"Zymo MagBead DNone Kit_OB_ZE"
"392","Erysipelatoclostridium",1.71541985186778e-06,"Zymo MagBead DNone Kit_OB_ZE"
"393","Erysipelotrichaceae UCG-003",7.89093131859178e-05,"Zymo MagBead DNone Kit_OB_ZE"
"394","Faecalibacterium",0.00147640468584087,"Zymo MagBead DNone Kit_OB_ZE"
"395","Family XIII AD3011 group",5.14625955560333e-06,"Zymo MagBead DNone Kit_OB_ZE"
"396","Flavonifractor",2.8590330864463e-06,"Zymo MagBead DNone Kit_OB_ZE"
"397","Fusicatenibacter",0.000143523460939604,"Zymo MagBead DNone Kit_OB_ZE"
"398","Gordonibacter",1.14361323457852e-06,"Zymo MagBead DNone Kit_OB_ZE"
"399","Gossypium arboreum",2.45876845434381e-05,"Zymo MagBead DNone Kit_OB_ZE"
"400","Holdemania",7.43348602476037e-06,"Zymo MagBead DNone Kit_OB_ZE"
"401","Hungatella",5.71806617289259e-06,"Zymo MagBead DNone Kit_OB_ZE"
"402","Intestinibacter",3.88828499756696e-05,"Zymo MagBead DNone Kit_OB_ZE"
"403","Intestinimonas",2.28722646915704e-06,"Zymo MagBead DNone Kit_OB_ZE"
"404","Kluyvera",0.00159534046223703,"Zymo MagBead DNone Kit_OB_ZE"
"405","Lachnospira",0.00019269883002648,"Zymo MagBead DNone Kit_OB_ZE"
"406","Lachnospiraceae FCS020 group",1.48669720495207e-05,"Zymo MagBead DNone Kit_OB_ZE"
"407","Lachnospiraceae ND3007 group",8.92018322971244e-05,"Zymo MagBead DNone Kit_OB_ZE"
"408","Lachnospiraceae NK4A136 group",8.00529264204963e-05,"Zymo MagBead DNone Kit_OB_ZE"
"409","Lachnospiraceae UCG-001",0.00016239307931015,"Zymo MagBead DNone Kit_OB_ZE"
"410","Lachnospiraceae UCG-004",2.74467176298844e-05,"Zymo MagBead DNone Kit_OB_ZE"
"411","Lachnospiraceae UCG-008",3.43083970373556e-06,"Zymo MagBead DNone Kit_OB_ZE"
"412","Lactonifactor",1.71541985186778e-06,"Zymo MagBead DNone Kit_OB_ZE"
"413","Marvinbryantia",1.94414249878348e-05,"Zymo MagBead DNone Kit_OB_ZE"
"414","Odoribacter",1.02925191112067e-05,"Zymo MagBead DNone Kit_OB_ZE"
"415","Oryza sativa Indica Group (long-grained rice)",2.8590330864463e-06,"Zymo MagBead DNone Kit_OB_ZE"
"416","Other",0.0008571381193166,"Zymo MagBead DNone Kit_OB_ZE"
"417","Oxalobacter",6.86167940747111e-06,"Zymo MagBead DNone Kit_OB_ZE"
"418","Parasutterella",5.71806617289259e-07,"Zymo MagBead DNone Kit_OB_ZE"
"419","Phascolarctobacterium",5.43216286424796e-05,"Zymo MagBead DNone Kit_OB_ZE"
"420","Porphyromonas",6.28987279018185e-06,"Zymo MagBead DNone Kit_OB_ZE"
"421","Raoultella",0.209930222438492,"Zymo MagBead DNone Kit_OB_ZE"
"422","Roseburia",0.000649000510623309,"Zymo MagBead DNone Kit_OB_ZE"
"423","Ruminiclostridium",9.14890587662815e-06,"Zymo MagBead DNone Kit_OB_ZE"
"424","Ruminiclostridium 5",5.71806617289259e-05,"Zymo MagBead DNone Kit_OB_ZE"
"425","Ruminiclostridium 9",5.71806617289259e-07,"Zymo MagBead DNone Kit_OB_ZE"
"426","Ruminococcaceae NK4A214 group",0.00020070412266853,"Zymo MagBead DNone Kit_OB_ZE"
"427","Ruminococcaceae UCG-002",0.000300198474076861,"Zymo MagBead DNone Kit_OB_ZE"
"428","Ruminococcaceae UCG-003",8.51991859760996e-05,"Zymo MagBead DNone Kit_OB_ZE"
"429","Ruminococcaceae UCG-004",2.74467176298844e-05,"Zymo MagBead DNone Kit_OB_ZE"
"430","Ruminococcaceae UCG-005",6.28987279018185e-05,"Zymo MagBead DNone Kit_OB_ZE"
"431","Ruminococcaceae UCG-013",3.88828499756696e-05,"Zymo MagBead DNone Kit_OB_ZE"
"432","Ruminococcaceae UCG-014",6.57577609882648e-05,"Zymo MagBead DNone Kit_OB_ZE"
"433","Ruminococcus 1",0.00091088794134179,"Zymo MagBead DNone Kit_OB_ZE"
"434","Ruminococcus 2",0.0005483625459804,"Zymo MagBead DNone Kit_OB_ZE"
"435","Sellimonas",5.71806617289259e-07,"Zymo MagBead DNone Kit_OB_ZE"
"436","Serratia",0.0255088650038911,"Zymo MagBead DNone Kit_OB_ZE"
"437","Succiniclasticum",1.14361323457852e-05,"Zymo MagBead DNone Kit_OB_ZE"
"438","Tyzzerella",8.57709925933889e-06,"Zymo MagBead DNone Kit_OB_ZE"
"439","Tyzzerella 3",2.17286514569919e-05,"Zymo MagBead DNone Kit_OB_ZE"
"440","uncultured",0.000170398371952199,"Zymo MagBead DNone Kit_OB_ZE"
"441","Acinetobacter",0,"MagAttract PowerMag Soil_OB_AC"
"442","Actinomyces",0,"MagAttract PowerMag Soil_OB_AC"
"443","Alistipes",0.00705375413190619,"MagAttract PowerMag Soil_OB_AC"
"444","Anaerostipes",0.0173677790020463,"MagAttract PowerMag Soil_OB_AC"
"445","Bacillus",6.88651031008972e-05,"MagAttract PowerMag Soil_OB_AC"
"446","Bacteroides",0.0857626318274831,"MagAttract PowerMag Soil_OB_AC"
"447","Bifidobacterium",0.00540492680623328,"MagAttract PowerMag Soil_OB_AC"
"448","Bilophila",0.0366224618290571,"MagAttract PowerMag Soil_OB_AC"
"449","Clostridium",NA,"MagAttract PowerMag Soil_OB_AC"
"450","Lachnoclostridium",0.081268691956556,"MagAttract PowerMag Soil_OB_AC"
"451","Collinsella",0.00106445773650244,"MagAttract PowerMag Soil_OB_AC"
"452","Coprobacillus",NA,"MagAttract PowerMag Soil_OB_AC"
"453","Cryptococcus",NA,"MagAttract PowerMag Soil_OB_AC"
"454","Deinococcus",0,"MagAttract PowerMag Soil_OB_AC"
"455","Fusobacterium",0.262757752243035,"MagAttract PowerMag Soil_OB_AC"
"456","Helicobacter",0,"MagAttract PowerMag Soil_OB_AC"
"457","Listeria",4.91893593577837e-05,"MagAttract PowerMag Soil_OB_AC"
"458","Neisseria",0,"MagAttract PowerMag Soil_OB_AC"
"459","Paenibacillus",0.0579804816622068,"MagAttract PowerMag Soil_OB_AC"
"460","Parabacteroides",0.141995907445301,"MagAttract PowerMag Soil_OB_AC"
"461","Pediococcus",0.00661892019518338,"MagAttract PowerMag Soil_OB_AC"
"462","Porphyromonadaceae",NA,"MagAttract PowerMag Soil_OB_AC"
"463","Propionibacterium",NA,"MagAttract PowerMag Soil_OB_AC"
"464","Pseudomonas",9.24759955926334e-05,"MagAttract PowerMag Soil_OB_AC"
"465","Pyramidobacter",0.00707539745002361,"MagAttract PowerMag Soil_OB_AC"
"466","Ralstonia",0.0931469384542736,"MagAttract PowerMag Soil_OB_AC"
"467","Rhodobacter",1.96757437431135e-06,"MagAttract PowerMag Soil_OB_AC"
"468","Saccharomyces",NA,"MagAttract PowerMag Soil_OB_AC"
"469","Salmonella",NA,"MagAttract PowerMag Soil_OB_AC"
"470","Staphylococcus",6.68975287265859e-05,"MagAttract PowerMag Soil_OB_AC"
"471","Streptococcus",2.75460412403589e-05,"MagAttract PowerMag Soil_OB_AC"
"472","Subdoligranulum",0.00964308200849992,"MagAttract PowerMag Soil_OB_AC"
"473","Clostridium innocuum group",0,"MagAttract PowerMag Soil_OB_AC"
"474","Eubacterium coprostanoligenes group",5.90272312293405e-06,"MagAttract PowerMag Soil_OB_AC"
"475","Eubacterium eligens group",3.9351487486227e-06,"MagAttract PowerMag Soil_OB_AC"
"476","Eubacterium hallii group",1.37730206201794e-05,"MagAttract PowerMag Soil_OB_AC"
"477","Eubacterium rectale group",7.08326774752086e-05,"MagAttract PowerMag Soil_OB_AC"
"478","Eubacterium ventriosum group",3.9351487486227e-06,"MagAttract PowerMag Soil_OB_AC"
"479","Eubacterium xylanophilum group",1.96757437431135e-06,"MagAttract PowerMag Soil_OB_AC"
"480","Ruminococcus gauvreauii group",5.90272312293405e-06,"MagAttract PowerMag Soil_OB_AC"
"481","Ruminococcus torques group",7.8702974972454e-06,"MagAttract PowerMag Soil_OB_AC"
"482","Adlercreutzia",1.96757437431135e-06,"MagAttract PowerMag Soil_OB_AC"
"483","Akkermansia",0.00014560050369904,"MagAttract PowerMag Soil_OB_AC"
"484","Ambiguous_taxa",1.37730206201794e-05,"MagAttract PowerMag Soil_OB_AC"
"485","Anaerofilum",0,"MagAttract PowerMag Soil_OB_AC"
"486","Anaerotruncus",3.9351487486227e-06,"MagAttract PowerMag Soil_OB_AC"
"487","Blautia",4.32866362348497e-05,"MagAttract PowerMag Soil_OB_AC"
"488","Butyricicoccus",0,"MagAttract PowerMag Soil_OB_AC"
"489","Candidatus Stoquefichus",0.03070006296238,"MagAttract PowerMag Soil_OB_AC"
"490","Carnobacterium",0,"MagAttract PowerMag Soil_OB_AC"
"491","Christensenellaceae R-7 group",5.90272312293405e-06,"MagAttract PowerMag Soil_OB_AC"
"492","Clostridium sensu stricto 1",9.83787187155675e-06,"MagAttract PowerMag Soil_OB_AC"
"493","Coprococcus 1",3.9351487486227e-06,"MagAttract PowerMag Soil_OB_AC"
"494","Coprococcus 2",3.73839131119156e-05,"MagAttract PowerMag Soil_OB_AC"
"495","Coprococcus 3",5.90272312293405e-06,"MagAttract PowerMag Soil_OB_AC"
"496","Defluviitaleaceae UCG-011",0,"MagAttract PowerMag Soil_OB_AC"
"497","Dialister",5.90272312293405e-06,"MagAttract PowerMag Soil_OB_AC"
"498","Dorea",7.8702974972454e-06,"MagAttract PowerMag Soil_OB_AC"
"499","Eisenbergiella",0,"MagAttract PowerMag Soil_OB_AC"
"500","Enterobacter",0.00654415236895955,"MagAttract PowerMag Soil_OB_AC"
"501","Erwinia",4.5254210609161e-05,"MagAttract PowerMag Soil_OB_AC"
"502","Erysipelatoclostridium",0,"MagAttract PowerMag Soil_OB_AC"
"503","Erysipelotrichaceae UCG-003",1.96757437431135e-06,"MagAttract PowerMag Soil_OB_AC"
"504","Faecalibacterium",7.8702974972454e-05,"MagAttract PowerMag Soil_OB_AC"
"505","Family XIII AD3011 group",5.90272312293405e-06,"MagAttract PowerMag Soil_OB_AC"
"506","Flavonifractor",0,"MagAttract PowerMag Soil_OB_AC"
"507","Fusicatenibacter",5.90272312293405e-06,"MagAttract PowerMag Soil_OB_AC"
"508","Gordonibacter",0,"MagAttract PowerMag Soil_OB_AC"
"509","Gossypium arboreum",0,"MagAttract PowerMag Soil_OB_AC"
"510","Holdemania",0,"MagAttract PowerMag Soil_OB_AC"
"511","Hungatella",0,"MagAttract PowerMag Soil_OB_AC"
"512","Intestinibacter",7.8702974972454e-06,"MagAttract PowerMag Soil_OB_AC"
"513","Intestinimonas",0,"MagAttract PowerMag Soil_OB_AC"
"514","Kluyvera",1.96757437431135e-06,"MagAttract PowerMag Soil_OB_AC"
"515","Lachnospira",1.37730206201794e-05,"MagAttract PowerMag Soil_OB_AC"
"516","Lachnospiraceae FCS020 group",5.90272312293405e-06,"MagAttract PowerMag Soil_OB_AC"
"517","Lachnospiraceae ND3007 group",5.90272312293405e-06,"MagAttract PowerMag Soil_OB_AC"
"518","Lachnospiraceae NK4A136 group",2.75460412403589e-05,"MagAttract PowerMag Soil_OB_AC"
"519","Lachnospiraceae UCG-001",1.57405949944908e-05,"MagAttract PowerMag Soil_OB_AC"
"520","Lachnospiraceae UCG-004",1.96757437431135e-06,"MagAttract PowerMag Soil_OB_AC"
"521","Lachnospiraceae UCG-008",0,"MagAttract PowerMag Soil_OB_AC"
"522","Lactonifactor",0,"MagAttract PowerMag Soil_OB_AC"
"523","Marvinbryantia",1.96757437431135e-06,"MagAttract PowerMag Soil_OB_AC"
"524","Odoribacter",0,"MagAttract PowerMag Soil_OB_AC"
"525","Oryza sativa Indica Group (long-grained rice)",0,"MagAttract PowerMag Soil_OB_AC"
"526","Other",1.57405949944908e-05,"MagAttract PowerMag Soil_OB_AC"
"527","Oxalobacter",0,"MagAttract PowerMag Soil_OB_AC"
"528","Parasutterella",1.96757437431135e-06,"MagAttract PowerMag Soil_OB_AC"
"529","Phascolarctobacterium",3.9351487486227e-06,"MagAttract PowerMag Soil_OB_AC"
"530","Porphyromonas",1.96757437431135e-06,"MagAttract PowerMag Soil_OB_AC"
"531","Raoultella",0.000375806705493468,"MagAttract PowerMag Soil_OB_AC"
"532","Roseburia",3.73839131119156e-05,"MagAttract PowerMag Soil_OB_AC"
"533","Ruminiclostridium",0,"MagAttract PowerMag Soil_OB_AC"
"534","Ruminiclostridium 5",1.96757437431135e-06,"MagAttract PowerMag Soil_OB_AC"
"535","Ruminiclostridium 9",0,"MagAttract PowerMag Soil_OB_AC"
"536","Ruminococcaceae NK4A214 group",1.37730206201794e-05,"MagAttract PowerMag Soil_OB_AC"
"537","Ruminococcaceae UCG-002",4.5254210609161e-05,"MagAttract PowerMag Soil_OB_AC"
"538","Ruminococcaceae UCG-003",1.37730206201794e-05,"MagAttract PowerMag Soil_OB_AC"
"539","Ruminococcaceae UCG-004",0,"MagAttract PowerMag Soil_OB_AC"
"540","Ruminococcaceae UCG-005",3.73839131119156e-05,"MagAttract PowerMag Soil_OB_AC"
"541","Ruminococcaceae UCG-013",9.83787187155675e-06,"MagAttract PowerMag Soil_OB_AC"
"542","Ruminococcaceae UCG-014",4.13190618605383e-05,"MagAttract PowerMag Soil_OB_AC"
"543","Ruminococcus 1",7.67354005981426e-05,"MagAttract PowerMag Soil_OB_AC"
"544","Ruminococcus 2",8.26381237210767e-05,"MagAttract PowerMag Soil_OB_AC"
"545","Sellimonas",0,"MagAttract PowerMag Soil_OB_AC"
"546","Serratia",0.0125354163387376,"MagAttract PowerMag Soil_OB_AC"
"547","Succiniclasticum",9.83787187155675e-06,"MagAttract PowerMag Soil_OB_AC"
"548","Tyzzerella",0,"MagAttract PowerMag Soil_OB_AC"
"549","Tyzzerella 3",0,"MagAttract PowerMag Soil_OB_AC"
"550","uncultured",1.37730206201794e-05,"MagAttract PowerMag Soil_OB_AC"
"551","Acinetobacter",0,"MagAttract PowerMag Soil_OB_ZE"
"552","Actinomyces",3.48294922208329e-06,"MagAttract PowerMag Soil_OB_ZE"
"553","Alistipes",0.00028560183621083,"MagAttract PowerMag Soil_OB_ZE"
"554","Anaerostipes",1.85757291844442e-05,"MagAttract PowerMag Soil_OB_ZE"
"555","Bacillus",0.0740753640552674,"MagAttract PowerMag Soil_OB_ZE"
"556","Bacteroides",0.000801078321079157,"MagAttract PowerMag Soil_OB_ZE"
"557","Bifidobacterium",5.80491537013882e-06,"MagAttract PowerMag Soil_OB_ZE"
"558","Bilophila",2.20586784065275e-05,"MagAttract PowerMag Soil_OB_ZE"
"559","Clostridium",NA,"MagAttract PowerMag Soil_OB_ZE"
"560","Lachnoclostridium",5.92101367754159e-05,"MagAttract PowerMag Soil_OB_ZE"
"561","Collinsella",4.64393229611106e-06,"MagAttract PowerMag Soil_OB_ZE"
"562","Coprobacillus",NA,"MagAttract PowerMag Soil_OB_ZE"
"563","Cryptococcus",NA,"MagAttract PowerMag Soil_OB_ZE"
"564","Deinococcus",0,"MagAttract PowerMag Soil_OB_ZE"
"565","Fusobacterium",7.08199675156936e-05,"MagAttract PowerMag Soil_OB_ZE"
"566","Helicobacter",2.32196614805553e-06,"MagAttract PowerMag Soil_OB_ZE"
"567","Listeria",0.0489389195194923,"MagAttract PowerMag Soil_OB_ZE"
"568","Neisseria",2.32196614805553e-06,"MagAttract PowerMag Soil_OB_ZE"
"569","Paenibacillus",1.39317968883332e-05,"MagAttract PowerMag Soil_OB_ZE"
"570","Parabacteroides",7.66248828858324e-05,"MagAttract PowerMag Soil_OB_ZE"
"571","Pediococcus",8.12688151819435e-06,"MagAttract PowerMag Soil_OB_ZE"
"572","Porphyromonadaceae",NA,"MagAttract PowerMag Soil_OB_ZE"
"573","Propionibacterium",NA,"MagAttract PowerMag Soil_OB_ZE"
"574","Pseudomonas",0.142797435156193,"MagAttract PowerMag Soil_OB_ZE"
"575","Pyramidobacter",2.32196614805553e-06,"MagAttract PowerMag Soil_OB_ZE"
"576","Ralstonia",6.96589844416658e-06,"MagAttract PowerMag Soil_OB_ZE"
"577","Rhodobacter",3.48294922208329e-06,"MagAttract PowerMag Soil_OB_ZE"
"578","Saccharomyces",NA,"MagAttract PowerMag Soil_OB_ZE"
"579","Salmonella",NA,"MagAttract PowerMag Soil_OB_ZE"
"580","Staphylococcus",0.0395546933321259,"MagAttract PowerMag Soil_OB_ZE"
"581","Streptococcus",4.52783398870828e-05,"MagAttract PowerMag Soil_OB_ZE"
"582","Subdoligranulum",0.00011958125662486,"MagAttract PowerMag Soil_OB_ZE"
"583","Clostridium innocuum group",1.16098307402776e-06,"MagAttract PowerMag Soil_OB_ZE"
"584","Eubacterium coprostanoligenes group",2.78635937766663e-05,"MagAttract PowerMag Soil_OB_ZE"
"585","Eubacterium eligens group",2.08976953324997e-05,"MagAttract PowerMag Soil_OB_ZE"
"586","Eubacterium hallii group",2.67026107026386e-05,"MagAttract PowerMag Soil_OB_ZE"
"587","Eubacterium rectale group",0.000103327493588471,"MagAttract PowerMag Soil_OB_ZE"
"588","Eubacterium ventriosum group",6.96589844416658e-06,"MagAttract PowerMag Soil_OB_ZE"
"589","Eubacterium xylanophilum group",1.16098307402776e-05,"MagAttract PowerMag Soil_OB_ZE"
"590","Ruminococcus gauvreauii group",1.39317968883332e-05,"MagAttract PowerMag Soil_OB_ZE"
"591","Ruminococcus torques group",1.62537630363887e-05,"MagAttract PowerMag Soil_OB_ZE"
"592","Adlercreutzia",1.16098307402776e-06,"MagAttract PowerMag Soil_OB_ZE"
"593","Akkermansia",0.000404022109761662,"MagAttract PowerMag Soil_OB_ZE"
"594","Ambiguous_taxa",2.78635937766663e-05,"MagAttract PowerMag Soil_OB_ZE"
"595","Anaerofilum",1.16098307402776e-06,"MagAttract PowerMag Soil_OB_ZE"
"596","Anaerotruncus",4.64393229611106e-06,"MagAttract PowerMag Soil_OB_ZE"
"597","Blautia",0.000106810442810554,"MagAttract PowerMag Soil_OB_ZE"
"598","Butyricicoccus",1.62537630363887e-05,"MagAttract PowerMag Soil_OB_ZE"
"599","Candidatus Stoquefichus",1.50927799623609e-05,"MagAttract PowerMag Soil_OB_ZE"
"600","Carnobacterium",0.000171825494956109,"MagAttract PowerMag Soil_OB_ZE"
"601","Christensenellaceae R-7 group",1.50927799623609e-05,"MagAttract PowerMag Soil_OB_ZE"
"602","Clostridium sensu stricto 1",8.12688151819435e-06,"MagAttract PowerMag Soil_OB_ZE"
"603","Coprococcus 1",1.16098307402776e-06,"MagAttract PowerMag Soil_OB_ZE"
"604","Coprococcus 2",5.34052214052771e-05,"MagAttract PowerMag Soil_OB_ZE"
"605","Coprococcus 3",2.32196614805553e-06,"MagAttract PowerMag Soil_OB_ZE"
"606","Defluviitaleaceae UCG-011",0,"MagAttract PowerMag Soil_OB_ZE"
"607","Dialister",1.50927799623609e-05,"MagAttract PowerMag Soil_OB_ZE"
"608","Dorea",1.74147461104165e-05,"MagAttract PowerMag Soil_OB_ZE"
"609","Eisenbergiella",1.16098307402776e-06,"MagAttract PowerMag Soil_OB_ZE"
"610","Enterobacter",0.0165811602632645,"MagAttract PowerMag Soil_OB_ZE"
"611","Erwinia",0.00246012313386483,"MagAttract PowerMag Soil_OB_ZE"
"612","Erysipelatoclostridium",2.32196614805553e-06,"MagAttract PowerMag Soil_OB_ZE"
"613","Erysipelotrichaceae UCG-003",9.28786459222211e-06,"MagAttract PowerMag Soil_OB_ZE"
"614","Faecalibacterium",0.000152088782697637,"MagAttract PowerMag Soil_OB_ZE"
"615","Family XIII AD3011 group",3.48294922208329e-06,"MagAttract PowerMag Soil_OB_ZE"
"616","Flavonifractor",0,"MagAttract PowerMag Soil_OB_ZE"
"617","Fusicatenibacter",4.64393229611106e-05,"MagAttract PowerMag Soil_OB_ZE"
"618","Gordonibacter",0,"MagAttract PowerMag Soil_OB_ZE"
"619","Gossypium arboreum",0,"MagAttract PowerMag Soil_OB_ZE"
"620","Holdemania",1.16098307402776e-06,"MagAttract PowerMag Soil_OB_ZE"
"621","Hungatella",1.16098307402776e-06,"MagAttract PowerMag Soil_OB_ZE"
"622","Intestinibacter",2.20586784065275e-05,"MagAttract PowerMag Soil_OB_ZE"
"623","Intestinimonas",0,"MagAttract PowerMag Soil_OB_ZE"
"624","Kluyvera",0.00126314958454221,"MagAttract PowerMag Soil_OB_ZE"
"625","Lachnospira",8.70737305520823e-05,"MagAttract PowerMag Soil_OB_ZE"
"626","Lachnospiraceae FCS020 group",8.12688151819435e-06,"MagAttract PowerMag Soil_OB_ZE"
"627","Lachnospiraceae ND3007 group",1.16098307402776e-05,"MagAttract PowerMag Soil_OB_ZE"
"628","Lachnospiraceae NK4A136 group",4.76003060351383e-05,"MagAttract PowerMag Soil_OB_ZE"
"629","Lachnospiraceae UCG-001",2.32196614805553e-05,"MagAttract PowerMag Soil_OB_ZE"
"630","Lachnospiraceae UCG-004",3.48294922208329e-06,"MagAttract PowerMag Soil_OB_ZE"
"631","Lachnospiraceae UCG-008",0,"MagAttract PowerMag Soil_OB_ZE"
"632","Lactonifactor",0,"MagAttract PowerMag Soil_OB_ZE"
"633","Marvinbryantia",0,"MagAttract PowerMag Soil_OB_ZE"
"634","Odoribacter",2.32196614805553e-06,"MagAttract PowerMag Soil_OB_ZE"
"635","Oryza sativa Indica Group (long-grained rice)",0,"MagAttract PowerMag Soil_OB_ZE"
"636","Other",0.000769731778080407,"MagAttract PowerMag Soil_OB_ZE"
"637","Oxalobacter",5.80491537013882e-06,"MagAttract PowerMag Soil_OB_ZE"
"638","Parasutterella",1.16098307402776e-06,"MagAttract PowerMag Soil_OB_ZE"
"639","Phascolarctobacterium",1.04488476662499e-05,"MagAttract PowerMag Soil_OB_ZE"
"640","Porphyromonas",2.32196614805553e-06,"MagAttract PowerMag Soil_OB_ZE"
"641","Raoultella",0.240468619208001,"MagAttract PowerMag Soil_OB_ZE"
"642","Roseburia",8.47517644040268e-05,"MagAttract PowerMag Soil_OB_ZE"
"643","Ruminiclostridium",1.16098307402776e-06,"MagAttract PowerMag Soil_OB_ZE"
"644","Ruminiclostridium 5",1.27708138143054e-05,"MagAttract PowerMag Soil_OB_ZE"
"645","Ruminiclostridium 9",3.48294922208329e-06,"MagAttract PowerMag Soil_OB_ZE"
"646","Ruminococcaceae NK4A214 group",9.17176628481933e-05,"MagAttract PowerMag Soil_OB_ZE"
"647","Ruminococcaceae UCG-002",0.000103327493588471,"MagAttract PowerMag Soil_OB_ZE"
"648","Ruminococcaceae UCG-003",1.04488476662499e-05,"MagAttract PowerMag Soil_OB_ZE"
"649","Ruminococcaceae UCG-004",5.80491537013882e-06,"MagAttract PowerMag Soil_OB_ZE"
"650","Ruminococcaceae UCG-005",2.90245768506941e-05,"MagAttract PowerMag Soil_OB_ZE"
"651","Ruminococcaceae UCG-013",1.27708138143054e-05,"MagAttract PowerMag Soil_OB_ZE"
"652","Ruminococcaceae UCG-014",5.10832552572216e-05,"MagAttract PowerMag Soil_OB_ZE"
"653","Ruminococcus 1",0.000149766816549582,"MagAttract PowerMag Soil_OB_ZE"
"654","Ruminococcus 2",0.000138156985809304,"MagAttract PowerMag Soil_OB_ZE"
"655","Sellimonas",0,"MagAttract PowerMag Soil_OB_ZE"
"656","Serratia",0.0292173000409827,"MagAttract PowerMag Soil_OB_ZE"
"657","Succiniclasticum",2.08976953324997e-05,"MagAttract PowerMag Soil_OB_ZE"
"658","Tyzzerella",2.32196614805553e-06,"MagAttract PowerMag Soil_OB_ZE"
"659","Tyzzerella 3",1.16098307402776e-06,"MagAttract PowerMag Soil_OB_ZE"
"660","uncultured",5.10832552572216e-05,"MagAttract PowerMag Soil_OB_ZE"
"661","Acinetobacter",0,"MagAttract PowerMag Microbiome_OB_AC"
"662","Actinomyces",1.50454183566642e-05,"MagAttract PowerMag Microbiome_OB_AC"
"663","Alistipes",0.00740986854065711,"MagAttract PowerMag Microbiome_OB_AC"
"664","Anaerostipes",0.00936953428161262,"MagAttract PowerMag Microbiome_OB_AC"
"665","Bacillus",0.0041136681356846,"MagAttract PowerMag Microbiome_OB_AC"
"666","Bacteroides",0.0528319865594263,"MagAttract PowerMag Microbiome_OB_AC"
"667","Bifidobacterium",0.0224866315188977,"MagAttract PowerMag Microbiome_OB_AC"
"668","Bilophila",0.0350069271613684,"MagAttract PowerMag Microbiome_OB_AC"
"669","Clostridium",NA,"MagAttract PowerMag Microbiome_OB_AC"
"670","Lachnoclostridium",0.0505212610568153,"MagAttract PowerMag Microbiome_OB_AC"
"671","Collinsella",0.017216973739476,"MagAttract PowerMag Microbiome_OB_AC"
"672","Coprobacillus",NA,"MagAttract PowerMag Microbiome_OB_AC"
"673","Cryptococcus",NA,"MagAttract PowerMag Microbiome_OB_AC"
"674","Deinococcus",0,"MagAttract PowerMag Microbiome_OB_AC"
"675","Fusobacterium",0.164288445745595,"MagAttract PowerMag Microbiome_OB_AC"
"676","Helicobacter",0,"MagAttract PowerMag Microbiome_OB_AC"
"677","Listeria",0.00264548606104679,"MagAttract PowerMag Microbiome_OB_AC"
"678","Neisseria",0,"MagAttract PowerMag Microbiome_OB_AC"
"679","Paenibacillus",0.0248989135954162,"MagAttract PowerMag Microbiome_OB_AC"
"680","Parabacteroides",0.0799989969721096,"MagAttract PowerMag Microbiome_OB_AC"
"681","Pediococcus",0.0642288909645994,"MagAttract PowerMag Microbiome_OB_AC"
"682","Porphyromonadaceae",NA,"MagAttract PowerMag Microbiome_OB_AC"
"683","Propionibacterium",NA,"MagAttract PowerMag Microbiome_OB_AC"
"684","Pseudomonas",0.000939084862428456,"MagAttract PowerMag Microbiome_OB_AC"
"685","Pyramidobacter",0.0107800422525499,"MagAttract PowerMag Microbiome_OB_AC"
"686","Ralstonia",0.0634201997279287,"MagAttract PowerMag Microbiome_OB_AC"
"687","Rhodobacter",0,"MagAttract PowerMag Microbiome_OB_AC"
"688","Saccharomyces",NA,"MagAttract PowerMag Microbiome_OB_AC"
"689","Salmonella",NA,"MagAttract PowerMag Microbiome_OB_AC"
"690","Staphylococcus",0.00342534024586721,"MagAttract PowerMag Microbiome_OB_AC"
"691","Streptococcus",0.00155469323018863,"MagAttract PowerMag Microbiome_OB_AC"
"692","Subdoligranulum",0.0248688227587028,"MagAttract PowerMag Microbiome_OB_AC"
"693","Clostridium innocuum group",1.75529880827749e-05,"MagAttract PowerMag Microbiome_OB_AC"
"694","Eubacterium coprostanoligenes group",0.00414752032698709,"MagAttract PowerMag Microbiome_OB_AC"
"695","Eubacterium eligens group",0.000122870916579424,"MagAttract PowerMag Microbiome_OB_AC"
"696","Eubacterium hallii group",0.00594043268115624,"MagAttract PowerMag Microbiome_OB_AC"
"697","Eubacterium rectale group",0.0158541095933349,"MagAttract PowerMag Microbiome_OB_AC"
"698","Eubacterium ventriosum group",0.000262041036378568,"MagAttract PowerMag Microbiome_OB_AC"
"699","Eubacterium xylanophilum group",0.000354821116244664,"MagAttract PowerMag Microbiome_OB_AC"
"700","Ruminococcus gauvreauii group",0.00314700000626892,"MagAttract PowerMag Microbiome_OB_AC"
"701","Ruminococcus torques group",0.0010556868546926,"MagAttract PowerMag Microbiome_OB_AC"
"702","Adlercreutzia",0.000343537052477165,"MagAttract PowerMag Microbiome_OB_AC"
"703","Akkermansia",0.00749512591134487,"MagAttract PowerMag Microbiome_OB_AC"
"704","Ambiguous_taxa",2.8837051850273e-05,"MagAttract PowerMag Microbiome_OB_AC"
"705","Anaerofilum",1.25378486305535e-06,"MagAttract PowerMag Microbiome_OB_AC"
"706","Anaerotruncus",2.00605578088856e-05,"MagAttract PowerMag Microbiome_OB_AC"
"707","Blautia",0.0164822558097256,"MagAttract PowerMag Microbiome_OB_AC"
"708","Butyricicoccus",0.00153714024210586,"MagAttract PowerMag Microbiome_OB_AC"
"709","Candidatus Stoquefichus",0.0142969087934201,"MagAttract PowerMag Microbiome_OB_AC"
"710","Carnobacterium",1.00302789044428e-05,"MagAttract PowerMag Microbiome_OB_AC"
"711","Christensenellaceae R-7 group",0.000477692032824088,"MagAttract PowerMag Microbiome_OB_AC"
"712","Clostridium sensu stricto 1",0.000164245817060251,"MagAttract PowerMag Microbiome_OB_AC"
"713","Coprococcus 1",0.000650714343925726,"MagAttract PowerMag Microbiome_OB_AC"
"714","Coprococcus 2",0.00633537491301867,"MagAttract PowerMag Microbiome_OB_AC"
"715","Coprococcus 3",0.00048521474200242,"MagAttract PowerMag Microbiome_OB_AC"
"716","Defluviitaleaceae UCG-011",2.5075697261107e-06,"MagAttract PowerMag Microbiome_OB_AC"
"717","Dialister",0.000679551395775999,"MagAttract PowerMag Microbiome_OB_AC"
"718","Dorea",0.00309810239660977,"MagAttract PowerMag Microbiome_OB_AC"
"719","Eisenbergiella",4.38824702069372e-05,"MagAttract PowerMag Microbiome_OB_AC"
"720","Enterobacter",0.00386667251766269,"MagAttract PowerMag Microbiome_OB_AC"
"721","Erwinia",3.51059761655498e-05,"MagAttract PowerMag Microbiome_OB_AC"
"722","Erysipelatoclostridium",0.000249503187748014,"MagAttract PowerMag Microbiome_OB_AC"
"723","Erysipelotrichaceae UCG-003",0.00179792749362137,"MagAttract PowerMag Microbiome_OB_AC"
"724","Faecalibacterium",0.0222622040284108,"MagAttract PowerMag Microbiome_OB_AC"
"725","Family XIII AD3011 group",0.000347298407066331,"MagAttract PowerMag Microbiome_OB_AC"
"726","Flavonifractor",1.50454183566642e-05,"MagAttract PowerMag Microbiome_OB_AC"
"727","Fusicatenibacter",0.0028473454239987,"MagAttract PowerMag Microbiome_OB_AC"
"728","Gordonibacter",6.64505977419335e-05,"MagAttract PowerMag Microbiome_OB_AC"
"729","Gossypium arboreum",2.5075697261107e-06,"MagAttract PowerMag Microbiome_OB_AC"
"730","Holdemania",0.000111586852811926,"MagAttract PowerMag Microbiome_OB_AC"
"731","Hungatella",3.38521913024944e-05,"MagAttract PowerMag Microbiome_OB_AC"
"732","Intestinibacter",0.0010895390459951,"MagAttract PowerMag Microbiome_OB_AC"
"733","Intestinimonas",1.25378486305535e-06,"MagAttract PowerMag Microbiome_OB_AC"
"734","Kluyvera",2.5075697261107e-06,"MagAttract PowerMag Microbiome_OB_AC"
"735","Lachnospira",0.000636922710432117,"MagAttract PowerMag Microbiome_OB_AC"
"736","Lachnospiraceae FCS020 group",0.000384911952957992,"MagAttract PowerMag Microbiome_OB_AC"
"737","Lachnospiraceae ND3007 group",0.000980459762909282,"MagAttract PowerMag Microbiome_OB_AC"
"738","Lachnospiraceae NK4A136 group",0.000753524702696264,"MagAttract PowerMag Microbiome_OB_AC"
"739","Lachnospiraceae UCG-001",0.00048521474200242,"MagAttract PowerMag Microbiome_OB_AC"
"740","Lachnospiraceae UCG-004",0.000106571713359705,"MagAttract PowerMag Microbiome_OB_AC"
"741","Lachnospiraceae UCG-008",1.12840637674981e-05,"MagAttract PowerMag Microbiome_OB_AC"
"742","Lactonifactor",2.5075697261107e-06,"MagAttract PowerMag Microbiome_OB_AC"
"743","Marvinbryantia",0.000619369722349342,"MagAttract PowerMag Microbiome_OB_AC"
"744","Odoribacter",1.50454183566642e-05,"MagAttract PowerMag Microbiome_OB_AC"
"745","Oryza sativa Indica Group (long-grained rice)",0,"MagAttract PowerMag Microbiome_OB_AC"
"746","Other",0.00102058087852705,"MagAttract PowerMag Microbiome_OB_AC"
"747","Oxalobacter",6.39430280158228e-05,"MagAttract PowerMag Microbiome_OB_AC"
"748","Parasutterella",1.12840637674981e-05,"MagAttract PowerMag Microbiome_OB_AC"
"749","Phascolarctobacterium",0.000282101594187453,"MagAttract PowerMag Microbiome_OB_AC"
"750","Porphyromonas",1.25378486305535e-06,"MagAttract PowerMag Microbiome_OB_AC"
"751","Raoultella",0.00196969601985995,"MagAttract PowerMag Microbiome_OB_AC"
"752","Roseburia",0.00489602989023113,"MagAttract PowerMag Microbiome_OB_AC"
"753","Ruminiclostridium",4.13749004808265e-05,"MagAttract PowerMag Microbiome_OB_AC"
"754","Ruminiclostridium 5",0.00174401474450999,"MagAttract PowerMag Microbiome_OB_AC"
"755","Ruminiclostridium 9",1.75529880827749e-05,"MagAttract PowerMag Microbiome_OB_AC"
"756","Ruminococcaceae NK4A214 group",0.00241855100083377,"MagAttract PowerMag Microbiome_OB_AC"
"757","Ruminococcaceae UCG-002",0.00280847809324398,"MagAttract PowerMag Microbiome_OB_AC"
"758","Ruminococcaceae UCG-003",5.01513945222139e-05,"MagAttract PowerMag Microbiome_OB_AC"
"759","Ruminococcaceae UCG-004",0.000826244224753475,"MagAttract PowerMag Microbiome_OB_AC"
"760","Ruminococcaceae UCG-005",0.000831259364205696,"MagAttract PowerMag Microbiome_OB_AC"
"761","Ruminococcaceae UCG-013",0.00111085338866704,"MagAttract PowerMag Microbiome_OB_AC"
"762","Ruminococcaceae UCG-014",0.000932815938113179,"MagAttract PowerMag Microbiome_OB_AC"
"763","Ruminococcus 1",0.0117692785095006,"MagAttract PowerMag Microbiome_OB_AC"
"764","Ruminococcus 2",0.026798397662945,"MagAttract PowerMag Microbiome_OB_AC"
"765","Sellimonas",1.25378486305535e-05,"MagAttract PowerMag Microbiome_OB_AC"
"766","Serratia",0.00835898368199001,"MagAttract PowerMag Microbiome_OB_AC"
"767","Succiniclasticum",3.00908367133284e-05,"MagAttract PowerMag Microbiome_OB_AC"
"768","Tyzzerella",0.000111586852811926,"MagAttract PowerMag Microbiome_OB_AC"
"769","Tyzzerella 3",0.00030466972172245,"MagAttract PowerMag Microbiome_OB_AC"
"770","uncultured",0.00251007729583681,"MagAttract PowerMag Microbiome_OB_AC"
"771","Acinetobacter",0,"MagAttract PowerMag Microbiome_OB_ZE"
"772","Actinomyces",0,"MagAttract PowerMag Microbiome_OB_ZE"
"773","Alistipes",7.84541476262526e-05,"MagAttract PowerMag Microbiome_OB_ZE"
"774","Anaerostipes",3.36232061255368e-05,"MagAttract PowerMag Microbiome_OB_ZE"
"775","Bacillus",0.20575771932774,"MagAttract PowerMag Microbiome_OB_ZE"
"776","Bacteroides",0.000258796798663223,"MagAttract PowerMag Microbiome_OB_ZE"
"777","Bifidobacterium",0,"MagAttract PowerMag Microbiome_OB_ZE"
"778","Bilophila",9.16996530696459e-06,"MagAttract PowerMag Microbiome_OB_ZE"
"779","Clostridium",NA,"MagAttract PowerMag Microbiome_OB_ZE"
"780","Lachnoclostridium",3.15854360573225e-05,"MagAttract PowerMag Microbiome_OB_ZE"
"781","Collinsella",6.11331020464306e-06,"MagAttract PowerMag Microbiome_OB_ZE"
"782","Coprobacillus",NA,"MagAttract PowerMag Microbiome_OB_ZE"
"783","Cryptococcus",NA,"MagAttract PowerMag Microbiome_OB_ZE"
"784","Deinococcus",1.01888503410718e-06,"MagAttract PowerMag Microbiome_OB_ZE"
"785","Fusobacterium",6.9284182319288e-05,"MagAttract PowerMag Microbiome_OB_ZE"
"786","Helicobacter",1.01888503410718e-06,"MagAttract PowerMag Microbiome_OB_ZE"
"787","Listeria",0.147624214821721,"MagAttract PowerMag Microbiome_OB_ZE"
"788","Neisseria",0,"MagAttract PowerMag Microbiome_OB_ZE"
"789","Paenibacillus",1.83399306139292e-05,"MagAttract PowerMag Microbiome_OB_ZE"
"790","Parabacteroides",4.27931714325014e-05,"MagAttract PowerMag Microbiome_OB_ZE"
"791","Pediococcus",1.7321045579822e-05,"MagAttract PowerMag Microbiome_OB_ZE"
"792","Porphyromonadaceae",NA,"MagAttract PowerMag Microbiome_OB_ZE"
"793","Propionibacterium",NA,"MagAttract PowerMag Microbiome_OB_ZE"
"794","Pseudomonas",0.0643171177780155,"MagAttract PowerMag Microbiome_OB_ZE"
"795","Pyramidobacter",4.07554013642871e-06,"MagAttract PowerMag Microbiome_OB_ZE"
"796","Ralstonia",1.22266204092861e-05,"MagAttract PowerMag Microbiome_OB_ZE"
"797","Rhodobacter",2.03777006821435e-06,"MagAttract PowerMag Microbiome_OB_ZE"
"798","Saccharomyces",NA,"MagAttract PowerMag Microbiome_OB_ZE"
"799","Salmonella",NA,"MagAttract PowerMag Microbiome_OB_ZE"
"800","Staphylococcus",0.193356869577621,"MagAttract PowerMag Microbiome_OB_ZE"
"801","Streptococcus",2.95476659891081e-05,"MagAttract PowerMag Microbiome_OB_ZE"
"802","Subdoligranulum",0.000185437076207506,"MagAttract PowerMag Microbiome_OB_ZE"
"803","Clostridium innocuum group",2.03777006821435e-06,"MagAttract PowerMag Microbiome_OB_ZE"
"804","Eubacterium coprostanoligenes group",4.78875966030373e-05,"MagAttract PowerMag Microbiome_OB_ZE"
"805","Eubacterium eligens group",2.03777006821435e-06,"MagAttract PowerMag Microbiome_OB_ZE"
"806","Eubacterium hallii group",6.52086421828593e-05,"MagAttract PowerMag Microbiome_OB_ZE"
"807","Eubacterium rectale group",0.000157927180286612,"MagAttract PowerMag Microbiome_OB_ZE"
"808","Eubacterium ventriosum group",1.01888503410718e-06,"MagAttract PowerMag Microbiome_OB_ZE"
"809","Eubacterium xylanophilum group",9.16996530696459e-06,"MagAttract PowerMag Microbiome_OB_ZE"
"810","Ruminococcus gauvreauii group",3.05665510232153e-05,"MagAttract PowerMag Microbiome_OB_ZE"
"811","Ruminococcus torques group",1.12077353751789e-05,"MagAttract PowerMag Microbiome_OB_ZE"
"812","Adlercreutzia",4.07554013642871e-06,"MagAttract PowerMag Microbiome_OB_ZE"
"813","Akkermansia",0.000174229340832327,"MagAttract PowerMag Microbiome_OB_ZE"
"814","Ambiguous_taxa",5.90953319782162e-05,"MagAttract PowerMag Microbiome_OB_ZE"
"815","Anaerofilum",0,"MagAttract PowerMag Microbiome_OB_ZE"
"816","Anaerotruncus",1.01888503410718e-06,"MagAttract PowerMag Microbiome_OB_ZE"
"817","Blautia",0.000165059375525363,"MagAttract PowerMag Microbiome_OB_ZE"
"818","Butyricicoccus",1.52832755116076e-05,"MagAttract PowerMag Microbiome_OB_ZE"
"819","Candidatus Stoquefichus",5.09442517053588e-06,"MagAttract PowerMag Microbiome_OB_ZE"
"820","Carnobacterium",0.00112586796268843,"MagAttract PowerMag Microbiome_OB_ZE"
"821","Christensenellaceae R-7 group",5.09442517053588e-06,"MagAttract PowerMag Microbiome_OB_ZE"
"822","Clostridium sensu stricto 1",2.03777006821435e-05,"MagAttract PowerMag Microbiome_OB_ZE"
"823","Coprococcus 1",1.12077353751789e-05,"MagAttract PowerMag Microbiome_OB_ZE"
"824","Coprococcus 2",6.41897571487521e-05,"MagAttract PowerMag Microbiome_OB_ZE"
"825","Coprococcus 3",6.11331020464306e-06,"MagAttract PowerMag Microbiome_OB_ZE"
"826","Defluviitaleaceae UCG-011",1.01888503410718e-06,"MagAttract PowerMag Microbiome_OB_ZE"
"827","Dialister",1.22266204092861e-05,"MagAttract PowerMag Microbiome_OB_ZE"
"828","Dorea",4.27931714325014e-05,"MagAttract PowerMag Microbiome_OB_ZE"
"829","Eisenbergiella",7.13219523875024e-06,"MagAttract PowerMag Microbiome_OB_ZE"
"830","Enterobacter",0.00686524735981416,"MagAttract PowerMag Microbiome_OB_ZE"
"831","Erwinia",0.000956733047026639,"MagAttract PowerMag Microbiome_OB_ZE"
"832","Erysipelatoclostridium",2.03777006821435e-06,"MagAttract PowerMag Microbiome_OB_ZE"
"833","Erysipelotrichaceae UCG-003",1.63021605457148e-05,"MagAttract PowerMag Microbiome_OB_ZE"
"834","Faecalibacterium",0.00029242000478876,"MagAttract PowerMag Microbiome_OB_ZE"
"835","Family XIII AD3011 group",5.09442517053588e-06,"MagAttract PowerMag Microbiome_OB_ZE"
"836","Flavonifractor",1.01888503410718e-06,"MagAttract PowerMag Microbiome_OB_ZE"
"837","Fusicatenibacter",3.4642091159644e-05,"MagAttract PowerMag Microbiome_OB_ZE"
"838","Gordonibacter",1.01888503410718e-06,"MagAttract PowerMag Microbiome_OB_ZE"
"839","Gossypium arboreum",1.01888503410718e-06,"MagAttract PowerMag Microbiome_OB_ZE"
"840","Holdemania",2.03777006821435e-06,"MagAttract PowerMag Microbiome_OB_ZE"
"841","Hungatella",1.01888503410718e-06,"MagAttract PowerMag Microbiome_OB_ZE"
"842","Intestinibacter",1.32455054433933e-05,"MagAttract PowerMag Microbiome_OB_ZE"
"843","Intestinimonas",0,"MagAttract PowerMag Microbiome_OB_ZE"
"844","Kluyvera",0.00265623328391741,"MagAttract PowerMag Microbiome_OB_ZE"
"845","Lachnospira",1.22266204092861e-05,"MagAttract PowerMag Microbiome_OB_ZE"
"846","Lachnospiraceae FCS020 group",4.07554013642871e-06,"MagAttract PowerMag Microbiome_OB_ZE"
"847","Lachnospiraceae ND3007 group",1.52832755116076e-05,"MagAttract PowerMag Microbiome_OB_ZE"
"848","Lachnospiraceae NK4A136 group",2.44532408185722e-05,"MagAttract PowerMag Microbiome_OB_ZE"
"849","Lachnospiraceae UCG-001",9.16996530696459e-06,"MagAttract PowerMag Microbiome_OB_ZE"
"850","Lachnospiraceae UCG-004",7.13219523875024e-06,"MagAttract PowerMag Microbiome_OB_ZE"
"851","Lachnospiraceae UCG-008",0,"MagAttract PowerMag Microbiome_OB_ZE"
"852","Lactonifactor",0,"MagAttract PowerMag Microbiome_OB_ZE"
"853","Marvinbryantia",4.07554013642871e-06,"MagAttract PowerMag Microbiome_OB_ZE"
"854","Odoribacter",2.03777006821435e-06,"MagAttract PowerMag Microbiome_OB_ZE"
"855","Oryza sativa Indica Group (long-grained rice)",0,"MagAttract PowerMag Microbiome_OB_ZE"
"856","Other",0.00132556942937344,"MagAttract PowerMag Microbiome_OB_ZE"
"857","Oxalobacter",2.03777006821435e-06,"MagAttract PowerMag Microbiome_OB_ZE"
"858","Parasutterella",0,"MagAttract PowerMag Microbiome_OB_ZE"
"859","Phascolarctobacterium",1.01888503410718e-05,"MagAttract PowerMag Microbiome_OB_ZE"
"860","Porphyromonas",4.07554013642871e-06,"MagAttract PowerMag Microbiome_OB_ZE"
"861","Raoultella",0.11910052829189,"MagAttract PowerMag Microbiome_OB_ZE"
"862","Roseburia",8.35485727967885e-05,"MagAttract PowerMag Microbiome_OB_ZE"
"863","Ruminiclostridium",1.01888503410718e-06,"MagAttract PowerMag Microbiome_OB_ZE"
"864","Ruminiclostridium 5",2.85287809550009e-05,"MagAttract PowerMag Microbiome_OB_ZE"
"865","Ruminiclostridium 9",0,"MagAttract PowerMag Microbiome_OB_ZE"
"866","Ruminococcaceae NK4A214 group",3.76987462619655e-05,"MagAttract PowerMag Microbiome_OB_ZE"
"867","Ruminococcaceae UCG-002",5.90953319782162e-05,"MagAttract PowerMag Microbiome_OB_ZE"
"868","Ruminococcaceae UCG-003",8.15108027285741e-06,"MagAttract PowerMag Microbiome_OB_ZE"
"869","Ruminococcaceae UCG-004",4.07554013642871e-06,"MagAttract PowerMag Microbiome_OB_ZE"
"870","Ruminococcaceae UCG-005",3.87176312960727e-05,"MagAttract PowerMag Microbiome_OB_ZE"
"871","Ruminococcaceae UCG-013",1.01888503410718e-05,"MagAttract PowerMag Microbiome_OB_ZE"
"872","Ruminococcaceae UCG-014",1.83399306139292e-05,"MagAttract PowerMag Microbiome_OB_ZE"
"873","Ruminococcus 1",0.000202758121787328,"MagAttract PowerMag Microbiome_OB_ZE"
"874","Ruminococcus 2",0.000287325579618224,"MagAttract PowerMag Microbiome_OB_ZE"
"875","Sellimonas",0,"MagAttract PowerMag Microbiome_OB_ZE"
"876","Serratia",0.0139138940257676,"MagAttract PowerMag Microbiome_OB_ZE"
"877","Succiniclasticum",3.05665510232153e-06,"MagAttract PowerMag Microbiome_OB_ZE"
"878","Tyzzerella",5.09442517053588e-06,"MagAttract PowerMag Microbiome_OB_ZE"
"879","Tyzzerella 3",4.07554013642871e-06,"MagAttract PowerMag Microbiome_OB_ZE"
"880","uncultured",3.26043210914297e-05,"MagAttract PowerMag Microbiome_OB_ZE"
"881","Acinetobacter",7.54106581653718e-06,"Qiagen QIAamp  Modified_OB_AC"
"882","Actinomyces",1.8852664541343e-06,"Qiagen QIAamp  Modified_OB_AC"
"883","Alistipes",0.00947534919847897,"Qiagen QIAamp  Modified_OB_AC"
"884","Anaerostipes",0.0151858212880517,"Qiagen QIAamp  Modified_OB_AC"
"885","Bacillus",0.000182870846051027,"Qiagen QIAamp  Modified_OB_AC"
"886","Bacteroides",0.0942086499795449,"Qiagen QIAamp  Modified_OB_AC"
"887","Bifidobacterium",0.0146127002859949,"Qiagen QIAamp  Modified_OB_AC"
"888","Bilophila",0.0323115817574077,"Qiagen QIAamp  Modified_OB_AC"
"889","Clostridium",NA,"Qiagen QIAamp  Modified_OB_AC"
"890","Lachnoclostridium",0.0983788593760899,"Qiagen QIAamp  Modified_OB_AC"
"891","Collinsella",0.0031936413733035,"Qiagen QIAamp  Modified_OB_AC"
"892","Coprobacillus",NA,"Qiagen QIAamp  Modified_OB_AC"
"893","Cryptococcus",NA,"Qiagen QIAamp  Modified_OB_AC"
"894","Deinococcus",0,"Qiagen QIAamp  Modified_OB_AC"
"895","Fusobacterium",0.200618744450247,"Qiagen QIAamp  Modified_OB_AC"
"896","Helicobacter",0,"Qiagen QIAamp  Modified_OB_AC"
"897","Listeria",0.000118771786610461,"Qiagen QIAamp  Modified_OB_AC"
"898","Neisseria",0,"Qiagen QIAamp  Modified_OB_AC"
"899","Paenibacillus",0.0523576199642176,"Qiagen QIAamp  Modified_OB_AC"
"900","Parabacteroides",0.119869011686767,"Qiagen QIAamp  Modified_OB_AC"
"901","Pediococcus",0.0267368488525326,"Qiagen QIAamp  Modified_OB_AC"
"902","Porphyromonadaceae",NA,"Qiagen QIAamp  Modified_OB_AC"
"903","Propionibacterium",NA,"Qiagen QIAamp  Modified_OB_AC"
"904","Pseudomonas",7.91811910736404e-05,"Qiagen QIAamp  Modified_OB_AC"
"905","Pyramidobacter",0.00500915296863482,"Qiagen QIAamp  Modified_OB_AC"
"906","Ralstonia",0.0950419377522722,"Qiagen QIAamp  Modified_OB_AC"
"907","Rhodobacter",3.77053290826859e-06,"Qiagen QIAamp  Modified_OB_AC"
"908","Saccharomyces",NA,"Qiagen QIAamp  Modified_OB_AC"
"909","Salmonella",NA,"Qiagen QIAamp  Modified_OB_AC"
"910","Staphylococcus",0.000209264576408907,"Qiagen QIAamp  Modified_OB_AC"
"911","Streptococcus",0.000179100313142758,"Qiagen QIAamp  Modified_OB_AC"
"912","Subdoligranulum",0.00923969089171218,"Qiagen QIAamp  Modified_OB_AC"
"913","Clostridium innocuum group",9.42633227067147e-06,"Qiagen QIAamp  Modified_OB_AC"
"914","Eubacterium coprostanoligenes group",0.000265822570032936,"Qiagen QIAamp  Modified_OB_AC"
"915","Eubacterium eligens group",6.4099059440566e-05,"Qiagen QIAamp  Modified_OB_AC"
"916","Eubacterium hallii group",0.000290331033936681,"Qiagen QIAamp  Modified_OB_AC"
"917","Eubacterium rectale group",0.00119525893192114,"Qiagen QIAamp  Modified_OB_AC"
"918","Eubacterium ventriosum group",2.07379309954772e-05,"Qiagen QIAamp  Modified_OB_AC"
"919","Eubacterium xylanophilum group",0.000118771786610461,"Qiagen QIAamp  Modified_OB_AC"
"920","Ruminococcus gauvreauii group",9.42633227067148e-05,"Qiagen QIAamp  Modified_OB_AC"
"921","Ruminococcus torques group",0.000107460187885655,"Qiagen QIAamp  Modified_OB_AC"
"922","Adlercreutzia",2.26231974496115e-05,"Qiagen QIAamp  Modified_OB_AC"
"923","Akkermansia",0.00774090406067542,"Qiagen QIAamp  Modified_OB_AC"
"924","Ambiguous_taxa",1.88526645413429e-05,"Qiagen QIAamp  Modified_OB_AC"
"925","Anaerofilum",1.8852664541343e-06,"Qiagen QIAamp  Modified_OB_AC"
"926","Anaerotruncus",0.00034688902756071,"Qiagen QIAamp  Modified_OB_AC"
"927","Blautia",0.000808779308823613,"Qiagen QIAamp  Modified_OB_AC"
"928","Butyricicoccus",0.000203608777046504,"Qiagen QIAamp  Modified_OB_AC"
"929","Candidatus Stoquefichus",0.0315555899092998,"Qiagen QIAamp  Modified_OB_AC"
"930","Carnobacterium",0,"Qiagen QIAamp  Modified_OB_AC"
"931","Christensenellaceae R-7 group",0.00032049529720283,"Qiagen QIAamp  Modified_OB_AC"
"932","Clostridium sensu stricto 1",3.2049529720283e-05,"Qiagen QIAamp  Modified_OB_AC"
"933","Coprococcus 1",5.65579936240289e-05,"Qiagen QIAamp  Modified_OB_AC"
"934","Coprococcus 2",0.000910583697346865,"Qiagen QIAamp  Modified_OB_AC"
"935","Coprococcus 3",4.14758619909545e-05,"Qiagen QIAamp  Modified_OB_AC"
"936","Defluviitaleaceae UCG-011",2.45084639037458e-05,"Qiagen QIAamp  Modified_OB_AC"
"937","Dialister",0.000167788714417952,"Qiagen QIAamp  Modified_OB_AC"
"938","Dorea",0.000199838244138235,"Qiagen QIAamp  Modified_OB_AC"
"939","Eisenbergiella",0.000305413165569756,"Qiagen QIAamp  Modified_OB_AC"
"940","Enterobacter",0.00318987084039523,"Qiagen QIAamp  Modified_OB_AC"
"941","Erwinia",2.63937303578801e-05,"Qiagen QIAamp  Modified_OB_AC"
"942","Erysipelatoclostridium",0,"Qiagen QIAamp  Modified_OB_AC"
"943","Erysipelotrichaceae UCG-003",0.000156477115693146,"Qiagen QIAamp  Modified_OB_AC"
"944","Faecalibacterium",0.00292593353681643,"Qiagen QIAamp  Modified_OB_AC"
"945","Family XIII AD3011 group",0.000103689654977386,"Qiagen QIAamp  Modified_OB_AC"
"946","Flavonifractor",3.58200626285516e-05,"Qiagen QIAamp  Modified_OB_AC"
"947","Fusicatenibacter",0.000199838244138235,"Qiagen QIAamp  Modified_OB_AC"
"948","Gordonibacter",3.77053290826859e-06,"Qiagen QIAamp  Modified_OB_AC"
"949","Gossypium arboreum",1.8852664541343e-06,"Qiagen QIAamp  Modified_OB_AC"
"950","Holdemania",3.95905955368202e-05,"Qiagen QIAamp  Modified_OB_AC"
"951","Hungatella",6.59843258947003e-05,"Qiagen QIAamp  Modified_OB_AC"
"952","Intestinibacter",8.48369904360433e-05,"Qiagen QIAamp  Modified_OB_AC"
"953","Intestinimonas",2.82789968120144e-05,"Qiagen QIAamp  Modified_OB_AC"
"954","Kluyvera",0,"Qiagen QIAamp  Modified_OB_AC"
"955","Lachnospira",0.000295986833299084,"Qiagen QIAamp  Modified_OB_AC"
"956","Lachnospiraceae FCS020 group",1.69673980872087e-05,"Qiagen QIAamp  Modified_OB_AC"
"957","Lachnospiraceae ND3007 group",4.90169278074917e-05,"Qiagen QIAamp  Modified_OB_AC"
"958","Lachnospiraceae NK4A136 group",0.00189846331931324,"Qiagen QIAamp  Modified_OB_AC"
"959","Lachnospiraceae UCG-001",0.000116886520156326,"Qiagen QIAamp  Modified_OB_AC"
"960","Lachnospiraceae UCG-004",4.71316613533574e-05,"Qiagen QIAamp  Modified_OB_AC"
"961","Lachnospiraceae UCG-008",0,"Qiagen QIAamp  Modified_OB_AC"
"962","Lactonifactor",1.88526645413429e-05,"Qiagen QIAamp  Modified_OB_AC"
"963","Marvinbryantia",0.000105574921431521,"Qiagen QIAamp  Modified_OB_AC"
"964","Odoribacter",5.65579936240289e-06,"Qiagen QIAamp  Modified_OB_AC"
"965","Oryza sativa Indica Group (long-grained rice)",0,"Qiagen QIAamp  Modified_OB_AC"
"966","Other",0.000209264576408907,"Qiagen QIAamp  Modified_OB_AC"
"967","Oxalobacter",1.31968651789401e-05,"Qiagen QIAamp  Modified_OB_AC"
"968","Parasutterella",5.46727271698946e-05,"Qiagen QIAamp  Modified_OB_AC"
"969","Phascolarctobacterium",8.86075233443119e-05,"Qiagen QIAamp  Modified_OB_AC"
"970","Porphyromonas",0,"Qiagen QIAamp  Modified_OB_AC"
"971","Raoultella",0.000220576175133713,"Qiagen QIAamp  Modified_OB_AC"
"972","Roseburia",0.00101804388523252,"Qiagen QIAamp  Modified_OB_AC"
"973","Ruminiclostridium",1.69673980872087e-05,"Qiagen QIAamp  Modified_OB_AC"
"974","Ruminiclostridium 5",0.000350659560468979,"Qiagen QIAamp  Modified_OB_AC"
"975","Ruminiclostridium 9",3.2049529720283e-05,"Qiagen QIAamp  Modified_OB_AC"
"976","Ruminococcaceae NK4A214 group",0.000399676488276471,"Qiagen QIAamp  Modified_OB_AC"
"977","Ruminococcaceae UCG-002",0.00126124325781584,"Qiagen QIAamp  Modified_OB_AC"
"978","Ruminococcaceae UCG-003",0.000130083385335266,"Qiagen QIAamp  Modified_OB_AC"
"979","Ruminococcaceae UCG-004",5.27874607157603e-05,"Qiagen QIAamp  Modified_OB_AC"
"980","Ruminococcaceae UCG-005",0.00257150344343918,"Qiagen QIAamp  Modified_OB_AC"
"981","Ruminococcaceae UCG-013",0.000109345454339789,"Qiagen QIAamp  Modified_OB_AC"
"982","Ruminococcaceae UCG-014",0.000356315359831382,"Qiagen QIAamp  Modified_OB_AC"
"983","Ruminococcus 1",0.00199084137556582,"Qiagen QIAamp  Modified_OB_AC"
"984","Ruminococcus 2",0.00303339372470208,"Qiagen QIAamp  Modified_OB_AC"
"985","Sellimonas",9.42633227067147e-06,"Qiagen QIAamp  Modified_OB_AC"
"986","Serratia",0.00941879120485494,"Qiagen QIAamp  Modified_OB_AC"
"987","Succiniclasticum",0.000207379309954772,"Qiagen QIAamp  Modified_OB_AC"
"988","Tyzzerella",2.26231974496115e-05,"Qiagen QIAamp  Modified_OB_AC"
"989","Tyzzerella 3",4.52463948992231e-05,"Qiagen QIAamp  Modified_OB_AC"
"990","uncultured",0.000748450782291315,"Qiagen QIAamp  Modified_OB_AC"
"991","Acinetobacter",0,"Qiagen QIAamp  Modified_OB_ZE"
"992","Actinomyces",0,"Qiagen QIAamp  Modified_OB_ZE"
"993","Alistipes",0.000171667245493405,"Qiagen QIAamp  Modified_OB_ZE"
"994","Anaerostipes",4.62181045559166e-05,"Qiagen QIAamp  Modified_OB_ZE"
"995","Bacillus",0.140207241980829,"Qiagen QIAamp  Modified_OB_ZE"
"996","Bacteroides",0.000594232772861785,"Qiagen QIAamp  Modified_OB_ZE"
"997","Bifidobacterium",5.28206909210476e-06,"Qiagen QIAamp  Modified_OB_ZE"
"998","Bilophila",2.37693109144714e-05,"Qiagen QIAamp  Modified_OB_ZE"
"999","Clostridium",NA,"Qiagen QIAamp  Modified_OB_ZE"
"1000","Lachnoclostridium",5.28206909210476e-05,"Qiagen QIAamp  Modified_OB_ZE"
"1001","Collinsella",9.24362091118333e-06,"Qiagen QIAamp  Modified_OB_ZE"
"1002","Coprobacillus",NA,"Qiagen QIAamp  Modified_OB_ZE"
"1003","Cryptococcus",NA,"Qiagen QIAamp  Modified_OB_ZE"
"1004","Deinococcus",0,"Qiagen QIAamp  Modified_OB_ZE"
"1005","Fusobacterium",4.22565527368381e-05,"Qiagen QIAamp  Modified_OB_ZE"
"1006","Helicobacter",0,"Qiagen QIAamp  Modified_OB_ZE"
"1007","Listeria",0.124304252461774,"Qiagen QIAamp  Modified_OB_ZE"
"1008","Neisseria",0,"Qiagen QIAamp  Modified_OB_ZE"
"1009","Paenibacillus",1.32051727302619e-05,"Qiagen QIAamp  Modified_OB_ZE"
"1010","Parabacteroides",6.33848291052571e-05,"Qiagen QIAamp  Modified_OB_ZE"
"1011","Pediococcus",3.96155181907857e-06,"Qiagen QIAamp  Modified_OB_ZE"
"1012","Porphyromonadaceae",NA,"Qiagen QIAamp  Modified_OB_ZE"
"1013","Propionibacterium",NA,"Qiagen QIAamp  Modified_OB_ZE"
"1014","Pseudomonas",0.0795268322507293,"Qiagen QIAamp  Modified_OB_ZE"
"1015","Pyramidobacter",5.28206909210476e-06,"Qiagen QIAamp  Modified_OB_ZE"
"1016","Ralstonia",7.92310363815714e-06,"Qiagen QIAamp  Modified_OB_ZE"
"1017","Rhodobacter",0,"Qiagen QIAamp  Modified_OB_ZE"
"1018","Saccharomyces",NA,"Qiagen QIAamp  Modified_OB_ZE"
"1019","Salmonella",NA,"Qiagen QIAamp  Modified_OB_ZE"
"1020","Staphylococcus",0.0891983007583731,"Qiagen QIAamp  Modified_OB_ZE"
"1021","Streptococcus",3.69744836447333e-05,"Qiagen QIAamp  Modified_OB_ZE"
"1022","Subdoligranulum",0.000209962246411164,"Qiagen QIAamp  Modified_OB_ZE"
"1023","Clostridium innocuum group",0,"Qiagen QIAamp  Modified_OB_ZE"
"1024","Eubacterium coprostanoligenes group",2.90513800065762e-05,"Qiagen QIAamp  Modified_OB_ZE"
"1025","Eubacterium eligens group",2.64103454605238e-06,"Qiagen QIAamp  Modified_OB_ZE"
"1026","Eubacterium hallii group",3.69744836447333e-05,"Qiagen QIAamp  Modified_OB_ZE"
"1027","Eubacterium rectale group",0.000240334143690767,"Qiagen QIAamp  Modified_OB_ZE"
"1028","Eubacterium ventriosum group",1.32051727302619e-06,"Qiagen QIAamp  Modified_OB_ZE"
"1029","Eubacterium xylanophilum group",2.1128276368419e-05,"Qiagen QIAamp  Modified_OB_ZE"
"1030","Ruminococcus gauvreauii group",2.50898281874976e-05,"Qiagen QIAamp  Modified_OB_ZE"
"1031","Ruminococcus torques group",2.90513800065762e-05,"Qiagen QIAamp  Modified_OB_ZE"
"1032","Adlercreutzia",5.28206909210476e-06,"Qiagen QIAamp  Modified_OB_ZE"
"1033","Akkermansia",0.000378988457358516,"Qiagen QIAamp  Modified_OB_ZE"
"1034","Ambiguous_taxa",6.07437945592047e-05,"Qiagen QIAamp  Modified_OB_ZE"
"1035","Anaerofilum",2.64103454605238e-06,"Qiagen QIAamp  Modified_OB_ZE"
"1036","Anaerotruncus",9.24362091118333e-06,"Qiagen QIAamp  Modified_OB_ZE"
"1037","Blautia",0.000149218451851959,"Qiagen QIAamp  Modified_OB_ZE"
"1038","Butyricicoccus",4.75386218289428e-05,"Qiagen QIAamp  Modified_OB_ZE"
"1039","Candidatus Stoquefichus",7.92310363815714e-06,"Qiagen QIAamp  Modified_OB_ZE"
"1040","Carnobacterium",0.000382950009177595,"Qiagen QIAamp  Modified_OB_ZE"
"1041","Christensenellaceae R-7 group",9.24362091118333e-06,"Qiagen QIAamp  Modified_OB_ZE"
"1042","Clostridium sensu stricto 1",1.58462072763143e-05,"Qiagen QIAamp  Modified_OB_ZE"
"1043","Coprococcus 1",1.18846554572357e-05,"Qiagen QIAamp  Modified_OB_ZE"
"1044","Coprococcus 2",0.000133372244575645,"Qiagen QIAamp  Modified_OB_ZE"
"1045","Coprococcus 3",6.60258636513095e-06,"Qiagen QIAamp  Modified_OB_ZE"
"1046","Defluviitaleaceae UCG-011",3.96155181907857e-06,"Qiagen QIAamp  Modified_OB_ZE"
"1047","Dialister",2.773086273355e-05,"Qiagen QIAamp  Modified_OB_ZE"
"1048","Dorea",3.96155181907857e-05,"Qiagen QIAamp  Modified_OB_ZE"
"1049","Eisenbergiella",9.24362091118333e-06,"Qiagen QIAamp  Modified_OB_ZE"
"1050","Enterobacter",0.00671350981606515,"Qiagen QIAamp  Modified_OB_ZE"
"1051","Erwinia",0.000884746572927547,"Qiagen QIAamp  Modified_OB_ZE"
"1052","Erysipelatoclostridium",0,"Qiagen QIAamp  Modified_OB_ZE"
"1053","Erysipelotrichaceae UCG-003",2.24487936414452e-05,"Qiagen QIAamp  Modified_OB_ZE"
"1054","Faecalibacterium",0.000441052769190747,"Qiagen QIAamp  Modified_OB_ZE"
"1055","Family XIII AD3011 group",3.96155181907857e-06,"Qiagen QIAamp  Modified_OB_ZE"
"1056","Flavonifractor",0,"Qiagen QIAamp  Modified_OB_ZE"
"1057","Fusicatenibacter",4.62181045559166e-05,"Qiagen QIAamp  Modified_OB_ZE"
"1058","Gordonibacter",0,"Qiagen QIAamp  Modified_OB_ZE"
"1059","Gossypium arboreum",0,"Qiagen QIAamp  Modified_OB_ZE"
"1060","Holdemania",0,"Qiagen QIAamp  Modified_OB_ZE"
"1061","Hungatella",2.64103454605238e-06,"Qiagen QIAamp  Modified_OB_ZE"
"1062","Intestinibacter",1.45256900032881e-05,"Qiagen QIAamp  Modified_OB_ZE"
"1063","Intestinimonas",1.32051727302619e-06,"Qiagen QIAamp  Modified_OB_ZE"
"1064","Kluyvera",0.0011950681320887,"Qiagen QIAamp  Modified_OB_ZE"
"1065","Lachnospira",3.43334490986809e-05,"Qiagen QIAamp  Modified_OB_ZE"
"1066","Lachnospiraceae FCS020 group",1.32051727302619e-06,"Qiagen QIAamp  Modified_OB_ZE"
"1067","Lachnospiraceae ND3007 group",9.24362091118333e-06,"Qiagen QIAamp  Modified_OB_ZE"
"1068","Lachnospiraceae NK4A136 group",6.07437945592047e-05,"Qiagen QIAamp  Modified_OB_ZE"
"1069","Lachnospiraceae UCG-001",1.45256900032881e-05,"Qiagen QIAamp  Modified_OB_ZE"
"1070","Lachnospiraceae UCG-004",1.05641381842095e-05,"Qiagen QIAamp  Modified_OB_ZE"
"1071","Lachnospiraceae UCG-008",0,"Qiagen QIAamp  Modified_OB_ZE"
"1072","Lactonifactor",0,"Qiagen QIAamp  Modified_OB_ZE"
"1073","Marvinbryantia",1.18846554572357e-05,"Qiagen QIAamp  Modified_OB_ZE"
"1074","Odoribacter",1.32051727302619e-06,"Qiagen QIAamp  Modified_OB_ZE"
"1075","Oryza sativa Indica Group (long-grained rice)",0,"Qiagen QIAamp  Modified_OB_ZE"
"1076","Other",0.000864938813832154,"Qiagen QIAamp  Modified_OB_ZE"
"1077","Oxalobacter",1.32051727302619e-06,"Qiagen QIAamp  Modified_OB_ZE"
"1078","Parasutterella",0,"Qiagen QIAamp  Modified_OB_ZE"
"1079","Phascolarctobacterium",1.84872418223667e-05,"Qiagen QIAamp  Modified_OB_ZE"
"1080","Porphyromonas",1.32051727302619e-06,"Qiagen QIAamp  Modified_OB_ZE"
"1081","Raoultella",0.161878250948462,"Qiagen QIAamp  Modified_OB_ZE"
"1082","Roseburia",0.000151859486398012,"Qiagen QIAamp  Modified_OB_ZE"
"1083","Ruminiclostridium",0,"Qiagen QIAamp  Modified_OB_ZE"
"1084","Ruminiclostridium 5",3.69744836447333e-05,"Qiagen QIAamp  Modified_OB_ZE"
"1085","Ruminiclostridium 9",1.32051727302619e-06,"Qiagen QIAamp  Modified_OB_ZE"
"1086","Ruminococcaceae NK4A214 group",9.90387954769642e-05,"Qiagen QIAamp  Modified_OB_ZE"
"1087","Ruminococcaceae UCG-002",0.000132051727302619,"Qiagen QIAamp  Modified_OB_ZE"
"1088","Ruminococcaceae UCG-003",1.58462072763143e-05,"Qiagen QIAamp  Modified_OB_ZE"
"1089","Ruminococcaceae UCG-004",6.60258636513095e-06,"Qiagen QIAamp  Modified_OB_ZE"
"1090","Ruminococcaceae UCG-005",9.50772436578857e-05,"Qiagen QIAamp  Modified_OB_ZE"
"1091","Ruminococcaceae UCG-013",2.50898281874976e-05,"Qiagen QIAamp  Modified_OB_ZE"
"1092","Ruminococcaceae UCG-014",2.773086273355e-05,"Qiagen QIAamp  Modified_OB_ZE"
"1093","Ruminococcus 1",0.000282590696427605,"Qiagen QIAamp  Modified_OB_ZE"
"1094","Ruminococcus 2",0.000278629144608526,"Qiagen QIAamp  Modified_OB_ZE"
"1095","Sellimonas",0,"Qiagen QIAamp  Modified_OB_ZE"
"1096","Serratia",0.0161261569381958,"Qiagen QIAamp  Modified_OB_ZE"
"1097","Succiniclasticum",3.96155181907857e-06,"Qiagen QIAamp  Modified_OB_ZE"
"1098","Tyzzerella",3.96155181907857e-06,"Qiagen QIAamp  Modified_OB_ZE"
"1099","Tyzzerella 3",6.60258636513095e-06,"Qiagen QIAamp  Modified_OB_ZE"
"1100","uncultured",5.41412081940738e-05,"Qiagen QIAamp  Modified_OB_ZE"
